DrugName,Dateofbill,Quantity,Final_Sales,Is_Weekend,Lag_7,Lag_14,Lag_30,Quantity_MA,Final_Sales_MA
743.0,2022-01-03,1,40.522,False,149.0,59.6,50.8,1.0,40.522
658.0,2022-01-03,8,380.672,False,127.872,0.0,142.0,4.5,214.12800000000001
694.0,2022-01-03,1,75.13,False,149.952,42.218,104.976,1.0,75.13
719.0,2022-01-03,1,178.838,False,160.51,84.1,40.82,1.0,178.838
740.0,2022-01-03,1,81.0,False,0.0,141.3,88.0,1.0,81.0
653.0,2022-01-03,11,479.028,False,149.4,151.22,130.44,10.666666666666666,493.24
743.0,2022-01-04,8,324.176,False,0.0,128.102,71.46,4.5,182.349
733.0,2022-01-04,2,101.312,False,68.8,2970.114,82.0,2.0,101.312
750.0,2022-01-09,1,41.336,True,82.0,0.0,0.0,1.0,41.336
675.0,2022-01-12,1,122.6,False,207.904,45.9,1378.0,1.0,122.6
743.0,2022-01-12,5,202.88,False,0.0,677.5999999999999,0.0,4.6,186.4876
667.0,2022-01-12,1,51.06,False,321.02,77.2,71.0,1.0,51.06
743.0,2022-01-20,8,324.176,False,46.182,61.0,62.61,6.0,243.1937142857143
747.0,2022-01-20,3,141.6,False,415.89,199.2,156.30599999999998,3.0,141.6
719.0,2022-01-20,1,166.218,False,0.0,91.8,344.5,0.8,138.0224
658.0,2022-01-20,4,190.336,False,69.8,530.0,80.342,3.7142857142857144,176.74057142857146
708.0,2022-01-28,1,44.6,False,49.984,411.84,93.456,2.0,87.36
682.0,2022-01-28,2,1006.532,False,127.872,120.6,227.28,2.0,1006.532
698.0,2022-02-25,1,1167.4,False,0.0,367.2,482.3,1.2857142857142858,1458.9
724.0,2022-02-25,4,693.328,False,102.6,44.84,50.8,3.4,589.3299999999999
658.0,2022-02-25,2,95.168,False,181.776,260.0,231.8,2.142857142857143,102.66514285714285
743.0,2022-02-25,17,688.874,False,123.858,170.496,247.392,5.285714285714286,214.18771428571426
743.0,2022-02-26,2,81.044,True,0.0,260.0,101.04,5.142857142857143,208.39885714285714
743.0,2022-02-28,4,162.088,False,90.888,91.8,71.46,5.714285714285714,231.5542857142857
719.0,2022-02-28,1,178.838,False,655.6,90.4,283.6,0.8571428571428571,147.88114285714283
680.0,2022-03-02,1,86.0,False,86.694,45.2,72.04,1.0,86.0
658.0,2022-03-02,4,190.336,False,328.0,6048.552,0.0,3.857142857142857,183.53828571428568
665.0,2022-03-02,1,76.6,False,0.0,1084.8,67.05,1.1428571428571428,88.08571428571427
743.0,2022-03-03,5,202.61,False,174.192,41.254,71.0,6.571428571428571,266.2874285714286
743.0,2022-03-08,2,81.152,False,135.84,444.8,620.796,4.0,162.1034285714286
698.0,2022-03-08,2,2138.6,False,2139.8999999999996,1040.0,42.08,1.0,1139.3714285714286
660.0,2022-03-08,1,56.0,False,321.02,193.6,64.1,1.0,54.0
612.0,2022-03-08,1,41.088,False,0.0,96.896,68.9,0.8333333333333334,34.056000000000004
706.0,2022-03-08,1,51.858,False,53.592,128.718,43.808,1.0,51.858
665.0,2022-03-08,0,0.0,False,297.188,0.0,104.204,1.0,76.6
595.0,2022-03-08,3,246.0,False,102.116,143.0,0.0,1.1428571428571428,86.34685714285715
699.0,2022-03-10,2,274.056,False,41.286,89.68,89.556,2.0,274.056
677.0,2022-03-10,1,118.2,False,745.0,53.0,275.6,1.0,118.2
735.0,2022-03-10,1,87.8,False,141.0,171.624,371.624,0.75,65.85
657.0,2022-03-10,1,52.978,False,554.52,43.228,89.38,1.1428571428571428,59.46457142857143
743.0,2022-03-11,4,162.304,False,0.0,275.4,63.862,4.285714285714286,173.712
694.0,2022-03-11,1,78.912,False,138.63,47.8,40.82,1.0,76.39066666666666
675.0,2022-03-11,1,122.6,False,160.51,95.72,63.6,1.1666666666666667,143.03333333333333
718.0,2022-03-15,1,111.998,False,63.944,41.044,0.0,1.0,111.998
743.0,2022-03-15,4,162.088,False,50.51,45.2,40.82,3.857142857142857,156.34542857142858
654.0,2022-03-17,1,57.764,False,42.98,331.0,60.65,2.0,115.80285714285715
668.0,2022-03-17,1,85.8,False,181.776,44.84,0.0,1.0,85.8
743.0,2022-03-17,6,243.132,False,408.592,44.24,46.76,4.0,162.1342857142857
686.0,2022-03-17,1,84.42,False,131.53,85.248,185.812,1.0,84.42
696.0,2022-03-17,1,74.858,False,188.0,99.968,46.892,1.0,74.858
658.0,2022-03-17,7,333.088,False,86.694,586.386,964.6,4.0,191.152
657.0,2022-03-17,5,258.58,False,160.51,367.2,231.8,2.142857142857143,111.18057142857143
665.0,2022-03-19,1,59.58,True,149.952,331.0,40.82,0.8571428571428571,63.22571428571428
660.0,2022-03-19,0,0.0,True,255.74400000000003,53.0,68.9,0.8571428571428571,46.285714285714285
690.0,2022-03-19,1,467.2,True,128.94,100.692,0.0,2.2,1027.84
743.0,2022-03-19,1,40.522,True,165.144,183.6,48.0,3.5714285714285716,144.76771428571428
658.0,2022-03-19,14,666.1759999999999,True,44.84,378.338,2143.64,5.714285714285714,272.1417142857143
743.0,2022-03-20,2,81.044,True,57.764,481.53,43.48,3.5714285714285716,144.7522857142857
744.0,2022-03-20,1,48.824,True,103.432,95.968,231.8,1.0,48.824
731.0,2022-03-21,0,0.0,False,102.6,133.6,223.89,0.0,0.0
654.0,2022-03-21,1,57.764,False,199.2,74.518,217.4,1.5714285714285714,91.04542857142859
694.0,2022-03-21,1,75.13,False,277.26,826.2,341.32,1.0,76.0755
657.0,2022-03-21,1,51.716,False,42.624,205.92,45.576,2.2857142857142856,118.56857142857143
658.0,2022-03-21,5,237.92,False,49.984,47.1,97.536,5.857142857142857,278.7062857142857
660.0,2022-03-21,1,53.0,False,481.53,1907.4,81.64,0.8571428571428571,46.285714285714285
653.0,2022-03-21,1,46.288,False,0.0,53.2,52.08,4.428571428571429,232.74314285714286
743.0,2022-03-21,3,121.566,False,46.288,0.0,46.94,3.4285714285714284,138.93257142857144
719.0,2022-03-24,0,0.0,False,49.984,49.8,136.368,0.7142857142857143,124.13571428571427
743.0,2022-03-24,1,40.522,False,160.51,82.38,45.576,3.142857142857143,127.35485714285713
724.0,2022-03-31,1,173.332,False,206.43,49.984,689.0,2.7142857142857144,470.47342857142854
717.0,2022-03-31,2,94.12,False,260.1,42.624,52.3,2.0,94.12
557.0,2022-04-02,0,0.0,True,647.0,123.552,64.1,0.8333333333333334,34.20333333333333
708.0,2022-04-02,2,84.6,True,181.776,40.96,54.84,1.1428571428571428,50.31428571428571
543.0,2022-04-02,1,160.51,True,0.0,69.574,101.04,1.5714285714285714,250.66571428571427
616.0,2022-04-02,1,720.0,True,226.4,43.95,175.942,1.1428571428571428,833.1428571428571
654.0,2022-04-02,5,288.82,True,160.51,0.0,72.04,1.4285714285714286,82.52
611.0,2022-04-02,0,0.0,True,1028.0,50.518,414.0,0.0,0.0
658.0,2022-04-02,5,237.92000000000002,True,0.0,647.0,69.0,7.428571428571429,353.48114285714286
566.0,2022-04-02,3,415.89,True,149.4,59.6,42.25,2.2857142857142856,316.86857142857144
579.0,2022-04-02,4,181.776,True,40.96,1980.076,41.232,4.142857142857143,188.32457142857143
690.0,2022-04-02,1,467.2,True,415.89,149.4,539.8,1.7142857142857142,800.9142857142857
535.0,2022-04-02,1,49.984,True,135.6,440.0,48.768,2.2857142857142856,114.24914285714284
653.0,2022-04-02,14,621.984,True,49.984,135.6,67.05,5.571428571428571,268.8142857142857
739.0,2022-04-03,1,43.2,True,321.02,91.8,68.67,0.7142857142857143,30.85714285714286
698.0,2022-04-03,3,3211.2000000000003,True,85.96,0.0,40.972,1.1428571428571428,1223.0
743.0,2022-04-03,5,202.61,True,103.432,1303.08,62.4,4.571428571428571,185.2434285714286
649.0,2022-04-08,0,0.0,False,387.2,78.4,68.192,2.5714285714285716,121.10857142857142
713.0,2022-04-08,1,66.18,False,119.692,0.0,0.0,1.0,66.18
708.0,2022-04-08,1,42.3,False,204.232,94.2,92.612,1.1428571428571428,49.98571428571429
698.0,2022-04-08,1,876.4,False,85.812,220.8,0.0,1.2857142857142858,1265.0571428571432
743.0,2022-04-08,1,40.576,False,123.612,2269.4,93.384,4.857142857142857,196.82885714285712
660.0,2022-04-08,2,112.0,False,832.0,288.288,950.8,0.8571428571428571,46.714285714285715
658.0,2022-04-08,6,290.4,False,363.0,176.496,1114.872,3.857142857142857,185.1702857142857
612.0,2022-04-08,3,123.612,False,2269.4,112.896,391.32,1.1428571428571428,46.849714285714285
719.0,2022-04-14,1,178.838,False,346.776,290.4,125.45,0.8571428571428571,153.2897142857143
656.0,2022-04-14,3,209.4,False,50.524,47.1,260.88,1.4285714285714286,97.56314285714286
658.0,2022-04-14,19,904.096,False,49.984,86.424,0.0,5.428571428571429,260.1782857142857
748.0,2022-04-14,1,144.0,False,283.908,44.84,109.68,1.0,144.0
675.0,2022-04-14,1,122.6,False,481.53,53.0,61.544,1.2857142857142858,174.39999999999995
743.0,2022-04-14,2,81.044,False,58.21,93.36,43.808,4.285714285714286,173.67342857142856
743.0,2022-04-16,9,364.698,True,0.0,53.0,40.816,4.0,162.0957142857143
676.0,2022-04-16,1,86.8,True,99.968,129.84,40.742,1.0,86.8
657.0,2022-04-19,2,103.432,False,160.51,378.828,0.0,1.1428571428571428,59.284285714285716
652.0,2022-04-19,1,141.954,False,85.248,47.1,88.58,1.5714285714285714,224.52714285714288
665.0,2022-04-19,1,76.6,False,414.294,53.0,383.92,0.7142857142857143,44.988571428571426
650.0,2022-04-19,1,63.944,False,64.7,66.14,136.368,1.4285714285714286,91.34857142857142
690.0,2022-04-19,2,934.4,False,44.9,387.2,69.0,1.7142857142857142,800.9142857142858
653.0,2022-04-19,9,502.74,False,342.1,240.0,895.7,4.0,216.83485714285715
743.0,2022-04-19,4,162.088,False,141.954,85.248,54.84,3.4285714285714284,138.94028571428572
718.0,2022-04-19,1,111.998,False,63.944,64.7,87.616,1.0,111.998
658.0,2022-04-19,6,285.504,False,119.692,82.096,68.67,8.857142857142858,421.45828571428575
653.0,2022-04-20,4,223.44,False,66.8,126.276,68.9,4.428571428571429,240.53085714285712
658.0,2022-04-20,2,95.168,False,40.966,543.0,40.82,8.857142857142858,421.45828571428575
664.0,2022-04-20,1,50.718,False,514.0,51.4,46.728,1.0,50.718
719.0,2022-04-22,1,178.838,False,0.0,191.526,56.6,0.8571428571428571,153.2897142857143
724.0,2022-04-22,4,693.328,False,63.384,0.0,44.252,4.285714285714286,742.8514285714284
739.0,2022-04-23,1,43.2,True,105.6,45.2,101.6,0.8571428571428571,37.08571428571429
690.0,2022-04-23,2,934.4,True,80.384,109.038,4287.28,1.4285714285714286,667.4285714285714
743.0,2022-04-23,0,0.0,True,414.294,734.4,577.668,3.0,121.566
719.0,2022-04-23,1,178.838,True,0.0,47.1,0.0,1.0,178.838
654.0,2022-04-27,1,57.766,False,452.8,121.368,41.232,2.2857142857142856,132.30657142857143
658.0,2022-04-27,20,951.6800000000001,False,691.554,43.28,287.2,6.571428571428571,312.6948571428572
664.0,2022-04-27,2,101.436,False,0.0,1271.6,371.624,1.25,63.39750000000001
653.0,2022-04-27,2,111.72,False,0.0,47.1,44.778,3.857142857142857,214.09257142857146
597.0,2022-04-27,0,0.0,False,1271.6,1632.4,40.742,1.5714285714285714,234.14285714285714
650.0,2022-04-27,7,447.608,False,53.0,44.54,231.8,1.7142857142857142,109.6182857142857
743.0,2022-04-27,5,202.61,False,447.608,53.0,46.76,3.5714285714285716,144.72142857142856
652.0,2022-04-27,2,283.908,False,331.0,165.6,81.64,1.4285714285714286,204.248
675.0,2022-04-27,1,122.6,False,70.6,361.6,55.424,1.2857142857142858,174.4
614.0,2022-04-27,1,70.6,False,361.6,1301.6,425.4,1.0,70.6
708.0,2022-04-28,2,84.6,False,0.0,0.0,81.6,1.1428571428571428,49.32857142857143
656.0,2022-04-28,1,69.8,False,90.888,44.48,40.352,1.5714285714285714,107.53457142857143
653.0,2022-04-28,1,55.86,False,160.51,86.424,217.4,2.7142857142857144,150.25257142857143
664.0,2022-04-28,0,0.0,False,141.0,127.872,133.984,1.0,50.718
654.0,2022-04-28,1,57.766,False,52.278,51.4,44.252,1.7142857142857142,99.29885714285714
658.0,2022-04-28,0,0.0,False,113.2,40.966,66.378,6.285714285714286,299.0994285714286
748.0,2022-04-28,0,0.0,False,55.86,160.51,81.6,0.6666666666666666,96.0
657.0,2022-04-28,1,51.716,False,82.0,53.0,63.9,1.2857142857142858,66.6722857142857
697.0,2022-04-29,1,130.0,False,52.33,138.63,344.5,1.0,128.5
658.0,2022-04-30,2,95.168,True,277.26,378.338,453.552,8.0,380.672
702.0,2022-04-30,1,116.398,True,82.0,59.36,89.2,1.0,75.758
633.0,2022-04-30,1,68.502,True,44.24,47.0,0.0,1.0,70.036
710.0,2022-04-30,1,55.4,True,102.6,149.952,79.8,3.0,166.43428571428572
653.0,2022-04-30,4,223.44,True,0.0,2970.114,99.154,3.0,160.74285714285716
676.0,2022-04-30,1,86.8,True,49.014,91.8,238.0,1.0,86.8
640.0,2022-04-30,40,1851.84,True,321.02,50.8,41.758,33.285714285714285,1540.9954285714286
682.0,2022-05-03,0,0.0,False,85.248,74.518,142.0,1.0,503.266
658.0,2022-05-03,1,47.584,False,618.4,146.0,58.8,7.285714285714286,346.6834285714286
719.0,2022-05-03,1,178.838,False,76.8,0.0,0.0,1.0,178.838
657.0,2022-05-05,0,0.0,False,160.51,361.6,0.0,1.2857142857142858,66.67228571428572
743.0,2022-05-05,0,0.0,False,0.0,50.524,42.09,3.7142857142857144,150.51028571428574
686.0,2022-05-05,1,84.42,False,103.432,127.87200000000001,450.0,0.6666666666666666,56.28
658.0,2022-05-05,11,523.424,False,56.2,43.95,0.0,5.428571428571429,258.31314285714285
660.0,2022-05-05,1,52.4,False,138.098,1340.4,40.82,1.1428571428571428,61.51428571428571
675.0,2022-05-05,2,245.2,False,205.2,53.0,0.0,1.4285714285714286,191.91428571428568
658.0,2022-05-07,2,96.8,True,149.952,222.39999999999998,49.71,4.0,190.56914285714285
653.0,2022-05-07,0,0.0,True,219.75,85.968,86.96,4.0,195.82514285714288
697.0,2022-05-08,1,130.0,True,179.034,42.398,84.436,1.0,128.8
676.0,2022-05-08,1,86.8,True,141.954,51.058,186.142,1.0,86.8
694.0,2022-05-08,1,74.544,True,234.82,321.02,50.1,1.0,75.66266666666667
657.0,2022-05-08,2,105.956,True,86.826,53.0,93.46,1.5714285714285714,81.80885714285715
658.0,2022-05-08,0,0.0,True,181.12,677.5999999999999,48.0,3.7142857142857144,176.97371428571427
652.0,2022-05-08,1,141.954,True,51.058,84.6,231.8,1.2857142857142858,182.51228571428575
656.0,2022-05-08,1,69.8,True,138.63,49.048,620.0999999999999,1.0,67.22314285714286
654.0,2022-05-08,3,179.034,True,42.398,0.0,145.84,1.4285714285714286,83.34171428571427
653.0,2022-05-08,5,234.82,True,321.02,1271.6,0.0,4.142857142857143,202.92057142857144
665.0,2022-05-08,3,241.2,True,133.04,300.342,67.05,1.1428571428571428,79.44571428571429
708.0,2022-05-11,1,44.6,False,297.188,387.2,101.04,1.5714285714285714,68.44285714285714
653.0,2022-05-11,4,230.264,False,105.6,1533.6,657.75,3.142857142857143,162.5937142857143
656.0,2022-05-12,6,436.67999999999995,False,0.0,968.0,48.7,1.7142857142857142,122.21142857142857
698.0,2022-05-12,2,2138.6,False,160.51,61.0,415.92,2.142857142857143,2071.3714285714286
654.0,2022-05-12,1,59.676,False,50.11,44.928,143.512,1.2857142857142858,75.63542857142856
653.0,2022-05-12,1,57.568,False,102.116,1980.076,63.9,2.4285714285714284,131.732
622.0,2022-05-12,2,105.952,False,449.4,47.196,247.8,1.7142857142857142,88.57428571428571
620.0,2022-05-12,1,115.8,False,210.48,206.51,87.7,1.0,113.85
743.0,2022-05-13,8,324.176,False,94.0,205.24,89.556,4.428571428571429,179.4854285714286
698.0,2022-05-17,3,2629.2,False,1850.48,667.6,0.0,2.4285714285714284,2321.7714285714287
739.0,2022-05-17,1,43.2,False,141.954,0.0,81.64,0.8571428571428571,37.08571428571429
743.0,2022-05-18,4,162.088,False,90.8,97.896,185.812,2.857142857142857,115.80799999999999
658.0,2022-05-18,1,48.4,False,0.0,0.0,2143.64,3.5714285714285716,172.74057142857143
668.0,2022-05-18,1,85.8,False,0.0,106.0,48.0,1.0,85.8
657.0,2022-05-18,11,568.876,False,99.968,168.368,40.352,2.7142857142857144,140.73257142857142
739.0,2022-05-22,1,43.2,True,131.53,173.12,227.28,0.8571428571428571,37.02857142857143
719.0,2022-05-28,1,178.838,True,205.2,120.96,41.758,1.0,178.838
743.0,2022-06-04,2,81.044,True,319.72,85.248,218.2,3.142857142857143,127.35485714285713
650.0,2022-06-04,5,319.72,True,85.248,2975.2,191.96,3.0,192.38085714285714
564.0,2022-06-04,2,119.692,True,51.4,42.218,44.778,2.5714285714285716,153.88971428571426
658.0,2022-06-04,7,333.08799999999997,True,160.51,47.1,55.792,5.571428571428571,268.72457142857144
653.0,2022-06-04,11,614.46,True,44.24,66.14,129.76,3.142857142857143,166.7657142857143
698.0,2022-06-04,2,2334.8,True,119.692,51.4,68.7,2.142857142857143,2098.928571428571
652.0,2022-06-04,2,283.908,True,49.984,0.0,238.0,1.2857142857142858,182.51228571428572
561.0,2022-06-04,1,105.6,True,378.338,100.2,142.0,1.0,105.60000000000001
699.0,2022-06-04,2,274.056,True,0.0,208.0,42.08,2.0,274.056
597.0,2022-06-04,0,0.0,True,208.0,85.2,101.6,1.0,149.0
690.0,2022-06-04,0,0.0,True,105.6,378.338,40.696,1.0,467.2
743.0,2022-06-05,2,81.044,True,0.0,40.966,71.0,2.857142857142857,115.77714285714285
665.0,2022-06-08,2,160.8,False,415.89,44.84,69.0,1.2857142857142858,98.76857142857143
681.0,2022-06-08,2,647.556,False,123.858,42.906,47.632,1.25,404.7225
658.0,2022-06-08,1,48.4,False,0.0,484.0,62.6,6.0,287.952
653.0,2022-06-08,3,162.1,False,50.11,2970.114,434.8,3.0,162.00857142857143
654.0,2022-06-08,1,59.678,False,160.51,0.0,0.0,3.142857142857143,181.82228571428573
719.0,2022-06-08,1,178.838,False,0.0,149.952,93.52,1.2857142857142858,226.32885714285712
657.0,2022-06-08,2,105.956,False,105.6,107.154,371.624,2.857142857142857,148.30085714285715
713.0,2022-06-12,1,68.798,True,0.0,1271.6,81.812,1.0,67.489
743.0,2022-06-12,2,81.152,True,173.388,193.6,413.66,2.7142857142857144,110.08085714285713
747.0,2022-06-12,1,48.0,True,53.592,226.4,63.862,1.6666666666666667,78.93333333333334
743.0,2022-06-13,11,445.742,False,46.0,113.868,40.82,4.142857142857143,167.96942857142858
743.0,2022-06-16,2,81.044,False,102.6,89.68,40.82,4.714285714285714,191.12485714285714
743.0,2022-06-17,3,121.566,False,52.978,42.624,0.0,4.857142857142857,196.9137142857143
653.0,2022-06-17,0,0.0,False,0.0,0.0,259.52,1.8571428571428572,102.36657142857143
649.0,2022-06-17,1,47.6,False,0.0,74.518,185.812,3.2857142857142856,154.91714285714286
689.0,2022-06-17,1,337.628,False,123.858,66.8,251.172,1.0,337.628
543.0,2022-06-17,4,642.04,False,0.0,440.0,40.82,2.4285714285714284,387.17199999999997
535.0,2022-06-17,2,99.968,False,110.4,581.5,104.976,3.2857142857142856,166.53685714285712
516.0,2022-06-17,1,42.624,False,82.368,71.684,0.0,2.7142857142857144,116.05628571428572
724.0,2022-06-17,7,1213.324,False,47.6,0.0,46.76,4.0,693.3280000000001
658.0,2022-06-17,3,145.2,False,99.968,110.4,0.0,8.857142857142858,428.68571428571425
512.0,2022-06-17,0,0.0,False,0.0,1301.6,434.8,0.0,0.0
682.0,2022-06-17,1,503.266,False,102.6,44.48,81.6,0.7142857142857143,359.4757142857143
634.0,2022-06-17,3,123.858,False,66.8,83.6,577.668,3.4285714285714284,141.52028571428573
657.0,2022-06-17,1,52.978,False,42.624,82.368,0.0,1.4285714285714286,74.96171428571428
596.0,2022-06-17,1,102.6,False,44.48,219.0,101.6,1.0,102.60000000000001
676.0,2022-06-17,1,86.8,False,642.04,0.0,0.0,1.0,86.8
739.0,2022-06-17,1,43.2,False,0.0,0.0,50.1,0.7142857142857143,30.85714285714286
658.0,2022-06-28,12,580.8,False,102.8,74.68,40.82,6.285714285714286,304.2285714285714
653.0,2022-06-28,3,172.704,False,40.966,84.436,620.1,2.7142857142857144,179.5297142857143
669.0,2022-06-28,1,70.3,False,832.0,329.1,0.0,1.0,70.3
743.0,2022-07-04,4,162.088,False,2314.8,219.43,68.192,4.857142857142857,196.82114285714283
730.0,2022-07-04,0,0.0,False,131.53,340.992,0.0,0.0,0.0
653.0,2022-07-07,7,360.56,False,387.2,4752.4,142.0,3.2857142857142856,171.90914285714285
658.0,2022-07-07,8,387.2,False,82.0,94.2,45.5,6.571428571428571,313.9771428571429
656.0,2022-07-07,1,69.8,False,514.0,41.51,58.816,2.2857142857142856,159.52028571428573
574.0,2022-07-07,1,713.3,False,1340.4,127.8,57.068,1.5714285714285714,1059.748
672.0,2022-07-07,1,44.548,False,802.55,88.96,743.248,1.0,44.548
543.0,2022-07-07,5,802.55,False,88.96,78.396,181.824,2.5714285714285716,412.74000000000007
743.0,2022-07-07,2,81.044,False,175.872,40.32,84.16,4.571428571428571,185.2434285714286
669.0,2022-07-07,1,70.3,False,199.936,3960.152,371.088,1.0,70.3
698.0,2022-07-07,0,0.0,False,360.56,387.2,69.0,1.5714285714285714,1598.1285714285714
655.0,2022-07-07,4,175.872,False,40.32,53.122,206.7,3.25,143.318
675.0,2022-07-07,1,122.6,False,713.3,1340.4,104.204,1.5714285714285714,192.65714285714284
743.0,2022-07-10,1,40.576,True,102.6,106.0,0.0,4.428571428571429,179.55485714285714
708.0,2022-07-10,0,0.0,True,90.56,361.6,175.4,2.0,86.9
739.0,2022-07-13,0,0.0,False,52.33,290.4,74.462,0.5714285714285714,24.685714285714287
735.0,2022-07-13,1,87.8,False,153.86,0.0,434.8,0.5714285714285714,50.17142857142857
743.0,2022-07-13,1,40.522,False,57.568,214.52999999999997,40.512,3.2857142857142856,133.28257142857143
664.0,2022-07-15,0,0.0,False,359.076,1271.6,463.6,0.8571428571428571,43.47257142857143
612.0,2022-07-16,1,41.204,True,51.656,86.424,4287.28,1.1428571428571428,47.07371428571429
658.0,2022-07-16,10,484.0,True,481.53,290.4,371.624,9.428571428571429,453.7782857142857
649.0,2022-07-16,1,47.0,True,71.0,4357.8,58.476,2.857142857142857,134.45714285714286
725.0,2022-07-16,1,62.87,True,105.6,139.0,104.204,1.0,62.87
655.0,2022-07-16,0,0.0,True,128.94,113.868,215.4,2.6,114.65440000000001
748.0,2022-07-24,1,144.0,True,410.22,1980.076,0.0,0.8,115.2
708.0,2022-07-24,1,44.6,True,171.92,74.86,0.0,1.2857142857142858,56.35714285714285
719.0,2022-07-24,1,178.838,True,46.182,169.344,40.386,1.0,173.42942857142856
728.0,2022-07-25,0,0.0,False,90.56,44.84,69.0,1.1428571428571428,122.97142857142856
658.0,2022-07-25,5,242.0,False,481.53,53.0,215.4,6.285714285714286,304.2285714285714
710.0,2022-07-25,2,110.8,False,68.85,484.0,0.0,3.142857142857143,174.1142857142857
657.0,2022-07-25,2,102.568,False,71.0,2680.8,81.64,2.2857142857142856,119.42714285714285
743.0,2022-07-28,7,284.032,False,723.0419999999999,290.4,68.9,3.0,121.68942857142856
696.0,2022-07-28,1,74.944,False,481.53,127.5,136.368,1.0,74.90100000000001
686.0,2022-07-28,1,84.42,False,171.92,132.0,0.0,0.75,63.315
719.0,2022-07-30,1,178.838,True,445.782,1040.0,59.8,1.0,175.23228571428572
658.0,2022-07-30,3,145.2,True,260.082,226.4,41.066,6.428571428571429,311.14285714285717
653.0,2022-07-30,8,460.544,True,321.02,69.47,40.512,4.142857142857143,229.40685714285715
728.0,2022-07-30,0,0.0,True,82.0,67.0,46.76,0.8571428571428571,92.22857142857143
657.0,2022-07-30,1,52.978,True,119.692,263.1,48.768,2.142857142857143,112.39971428571428
715.0,2022-08-02,1,48.388,False,0.0,46.122,217.4,0.6666666666666666,32.25866666666666
743.0,2022-08-06,4,162.088,True,102.6,44.84,43.48,7.0,283.7234285714286
676.0,2022-08-07,1,86.8,True,0.0,99.968,71.0,1.0,86.8
708.0,2022-08-07,2,89.2,True,1174.35,47.124,40.82,1.8571428571428572,81.84285714285714
739.0,2022-08-07,1,43.2,True,47.0,42.98,58.816,0.8571428571428571,37.028571428571425
743.0,2022-08-14,5,202.88,True,442.6,526.2,869.6,5.571428571428571,225.95828571428572
743.0,2022-08-16,3,121.72800000000001,False,554.52,2970.114,40.696,5.0,202.88000000000002
653.0,2022-08-16,6,345.408,False,387.2,41.68,68.67,4.0,222.69828571428573
658.0,2022-08-16,2,96.8,False,315.72,44.124,48.7,3.5714285714285716,172.74057142857143
681.0,2022-08-16,1,323.778,False,209.8,82.368,0.0,1.1666666666666667,377.741
698.0,2022-08-16,4,3920.0,False,153.174,94.29599999999999,138.64,1.7142857142857142,1740.957142857143
596.0,2022-08-16,1,102.6,False,0.0,435.4,64.1,1.2857142857142858,131.9142857142857
566.0,2022-08-16,4,554.52,False,2970.114,131.22,40.386,2.857142857142857,399.596
739.0,2022-08-16,2,86.4,False,71.0,169.2,130.52,1.0,43.2
743.0,2022-08-17,7,284.032,False,0.0,44.48,206.7,5.0,202.88000000000002
660.0,2022-08-17,1,56.0,False,153.86,543.0,41.066,0.8571428571428571,47.142857142857146
719.0,2022-08-18,1,178.838,False,49.8,45.2,208.408,1.0,178.838
708.0,2022-08-18,3,126.89999999999999,False,723.0419999999999,0.0,371.624,2.0,87.29714285714286
660.0,2022-08-18,1,56.0,False,85.812,46.08,52.08,0.8571428571428571,47.57142857142857
682.0,2022-08-18,0,0.0,False,160.51,84.6,63.9,0.7142857142857143,359.4757142857143
743.0,2022-08-18,4,162.304,False,1207.216,580.8,186.142,5.285714285714286,214.47314285714288
728.0,2022-08-19,2,215.2,False,123.858,789.3000000000001,86.0,1.0,107.6
724.0,2022-08-20,3,519.996,True,321.02,2680.8,86.0,4.142857142857143,718.0911428571428
676.0,2022-08-23,2,173.6,False,165.144,45.2,215.4,1.1428571428571428,99.2
660.0,2022-08-23,1,56.0,False,140.682,1533.6,130.44,0.8571428571428571,47.57142857142857
692.0,2022-08-23,1,49.662,False,134.7,871.2,477.016,1.0,49.662
743.0,2022-08-23,2,81.152,False,425.862,526.2,557.436,5.285714285714286,214.47314285714285
743.0,2022-08-25,2,81.152,False,465.64,257.43600000000004,47.698,4.428571428571429,179.69371428571426
676.0,2022-08-25,2,173.6,False,298.0,1340.4,41.366,1.2857142857142858,111.60000000000001
678.0,2022-08-25,1,145.148,False,52.976,0.0,63.862,1.0,145.148
650.0,2022-08-25,7,465.64,False,257.43600000000004,617.76,252.378,2.4285714285714284,160.0765714285714
653.0,2022-08-25,3,172.704,False,153.174,47.86,43.48,6.285714285714286,353.3874285714286
658.0,2022-08-25,3,145.2,False,41.186,1271.6,45.5,6.0,290.4
654.0,2022-08-25,1,59.678,False,963.06,86.424,40.82,3.4285714285714284,201.87571428571428
708.0,2022-08-25,1,42.3,False,0.0,226.4,185.812,1.7142857142857142,73.89714285714285
698.0,2022-08-26,1,876.4,False,51.976,96.8,67.05,1.5714285714285714,1560.642857142857
729.0,2022-08-26,2,155.2,False,131.8,69.93,124.0,2.0,155.20000000000002
695.0,2022-08-26,1,69.248,False,415.89,1533.6,93.456,1.0,69.248
653.0,2022-08-26,2,115.136,False,46.182,362.0,51.654,3.4285714285714284,197.37599999999998
596.0,2022-08-26,1,102.6,False,128.718,0.0,434.8,1.0,102.6
597.0,2022-08-26,1,149.0,False,642.04,86.424,895.7,1.7142857142857142,255.42857142857142
660.0,2022-08-29,1,56.0,False,1286.0,0.0,206.7,1.0,56.0
658.0,2022-08-29,3,145.2,False,226.4,112.896,145.84,4.428571428571429,214.34285714285713
699.0,2022-08-30,4,548.112,False,287.84,321.02,59.05,2.5,342.57
682.0,2022-08-30,1,503.266,False,102.6,214.52999999999997,0.0,1.1428571428571428,578.4702857142858
697.0,2022-08-30,1,130.0,False,1268.298,153.174,138.64,0.8571428571428571,109.71428571428571
739.0,2022-08-30,0,0.0,False,56.0,445.782,100.2,0.8571428571428571,37.028571428571425
743.0,2022-08-30,5,202.88,False,80.4,45.28,0.0,3.857142857142857,156.50742857142856
708.0,2022-08-30,2,89.2,False,484.0,43.008,63.476,1.8571428571428572,80.26857142857143
698.0,2022-08-30,2,1960.0,False,199.56,429.8,46.692,1.5714285714285714,1535.1285714285714
665.0,2022-08-30,1,80.4,False,45.28,0.0,215.4,1.2857142857142858,103.37142857142858
660.0,2022-08-30,1,56.0,False,445.782,96.8,689.0,1.1428571428571428,64.0
658.0,2022-08-30,10,484.0,False,43.008,106.0,104.976,5.142857142857143,248.91428571428568
743.0,2022-09-04,4,162.088,True,89.8,415.89,0.0,4.142857142857143,167.9617142857143
592.0,2022-09-04,1,45.778,True,85.248,1487.6,71.0,0.8571428571428571,39.32714285714285
634.0,2022-09-04,0,0.0,True,46.182,47.8,0.0,3.142857142857143,129.75600000000003
596.0,2022-09-04,1,102.6,True,149.952,88.248,40.82,1.1428571428571428,117.25714285714284
669.0,2022-09-04,1,70.3,True,56.756,321.02,250.9,1.0,70.3
660.0,2022-09-04,1,53.0,True,102.6,149.952,585.442,1.1428571428571428,63.57142857142857
579.0,2022-09-04,8,363.552,True,193.6,48.194,45.456,2.5714285714285716,116.6217142857143
645.0,2022-09-04,2,89.8,True,415.89,210.45999999999998,82.464,1.8333333333333333,82.31666666666666
658.0,2022-09-04,3,142.752,True,45.778,85.248,58.05,6.142857142857143,296.1485714285714
610.0,2022-09-04,1,56.756,True,321.02,47.1,66.572,1.0,56.756
654.0,2022-09-04,3,173.294,True,363.552,193.6,950.8,3.2857142857142856,192.25714285714284
724.0,2022-09-04,1,173.332,True,0.0,46.182,84.18,2.2857142857142856,396.18885714285716
575.0,2022-09-04,1,61.708,True,133.44,47.0,0.0,1.0,61.708
653.0,2022-09-04,11,557.028,True,61.708,133.44,215.4,4.285714285714286,222.35028571428572
733.0,2022-09-07,1,50.656,False,172.704,290.4,56.436,1.75,88.648
543.0,2022-09-07,2,321.02,False,4241.714,435.4,231.8,2.5714285714285716,409.6114285714285
566.0,2022-09-07,4,554.52,False,0.0,1308.0,71.0,2.857142857142857,400.05199999999996
579.0,2022-09-07,1,45.28,False,88.96,45.51,1309.1,2.5714285714285716,116.6217142857143
708.0,2022-09-07,0,0.0,False,321.02,4241.714,57.472,1.5714285714285714,68.18285714285715
653.0,2022-09-07,3,172.704,False,290.4,47.594,40.82,5.142857142857143,264.1228571428572
743.0,2022-09-07,2,81.044,False,726.0,44.84,99.532,5.285714285714286,214.24171428571432
705.0,2022-09-07,0,0.0,False,201.01,94.2,104.204,0.0,0.0
658.0,2022-09-07,15,726.0,False,44.84,132.372,62.61,6.857142857142857,330.13714285714286
669.0,2022-09-07,1,70.3,False,1029.744,494.208,185.812,1.0,70.3
709.0,2022-09-07,0,0.0,False,554.52,0.0,250.9,0.5,25.062
716.0,2022-09-07,1,124.68,False,45.28,88.96,42.08,1.0,122.86000000000001
698.0,2022-09-08,0,0.0,False,102.6,677.6,0.0,1.5714285714285714,1535.1285714285714
699.0,2022-09-08,1,137.028,False,720.0,40.966,47.93,2.2,301.4616
656.0,2022-09-08,0,0.0,False,153.174,1907.4,81.64,3.857142857142857,245.5885714285714
658.0,2022-09-08,7,338.8,False,415.89,128.102,119.296,6.428571428571429,309.39428571428573
682.0,2022-09-08,0,0.0,False,45.28,135.6,82.732,1.1428571428571428,578.4702857142858
708.0,2022-09-08,1,44.6,False,119.354,102.8,40.696,1.5714285714285714,68.11428571428571
655.0,2022-09-08,0,0.0,False,42.624,126.9,0.0,1.4285714285714286,62.81142857142858
561.0,2022-09-12,1,105.6,False,105.24,259.6,40.906,1.1428571428571428,120.68571428571428
557.0,2022-09-12,1,41.132,False,68.6,83.12,689.0,2.142857142857143,87.92
564.0,2022-09-12,4,239.384,False,209.8,143.368,47.402,1.7142857142857142,102.59314285714287
653.0,2022-09-12,1,57.566,False,53.592,51.058,42.014,3.857142857142857,203.09857142857143
652.0,2022-09-12,1,147.052,False,594.376,128.718,47.4,1.5714285714285714,223.79885714285714
543.0,2022-09-12,4,642.04,False,1548.8,58.676,41.066,3.7142857142857144,575.0759999999999
602.0,2022-09-12,1,109.56,False,642.04,1548.8,69.0,1.0,109.56
566.0,2022-09-12,4,594.376,False,128.718,142.916,51.96,3.0,421.27971428571425
634.0,2022-09-12,1,41.414,False,239.384,209.8,168.38,3.2857142857142856,135.67228571428572
592.0,2022-09-12,1,46.4,False,129.78,45.9,371.624,0.8571428571428571,39.416
604.0,2022-09-12,1,45.08,False,41.132,68.6,225.744,1.0,45.08
541.0,2022-09-12,3,129.78,False,45.9,51.2,0.0,6.428571428571429,276.41999999999996
612.0,2022-09-12,2,82.176,False,105.6,105.24,47.632,1.1428571428571428,47.05714285714286
535.0,2022-09-12,1,51.058,False,8014.0,40.94,175.4,2.2857142857142856,115.78342857142857
578.0,2022-09-12,1,53.592,False,51.058,8014.0,165.464,1.1428571428571428,60.68485714285714
739.0,2022-09-13,2,86.4,False,41.204,343.248,47.632,2.2857142857142856,98.80000000000003
682.0,2022-09-13,1,526.43,False,0.0,1907.3999999999999,69.0,1.0,509.88428571428574
743.0,2022-09-13,5,202.88,False,141.954,51.058,253.746,5.0,202.6794285714286
652.0,2022-09-13,1,141.954,False,51.058,159.0,223.89,1.4285714285714286,203.51971428571431
612.0,2022-09-13,1,41.204,False,343.248,59.6,58.476,1.0,41.170857142857145
596.0,2022-09-13,1,102.6,False,1040.0,95.056,51.032,1.2857142857142858,131.91428571428568
654.0,2022-09-13,2,119.352,False,41.022,0.0,0.0,1.5714285714285714,92.68542857142857
566.0,2022-09-13,1,138.63,False,484.0,41.184,71.0,2.7142857142857144,381.67114285714285
708.0,2022-09-13,2,84.6,False,102.6,1040.0,42.09,1.4285714285714286,62.07142857142857
698.0,2022-09-13,1,980.0,False,138.63,484.0,125.45,1.5714285714285714,1522.3714285714284
653.0,2022-09-13,5,287.83000000000004,False,710.22,47.8,0.0,4.285714285714286,228.2571428571429
678.0,2022-09-16,1,145.148,False,284.088,54.774,59.16,1.0,145.148
694.0,2022-09-16,1,74.544,False,173.388,165.6,68.67,1.0,76.04314285714285
653.0,2022-09-16,5,287.83,False,85.812,86.1,43.48,3.4285714285714284,189.80028571428574
728.0,2022-09-16,1,107.6,False,181.12,181.0,371.624,0.8571428571428571,92.22857142857143
719.0,2022-09-16,1,178.838,False,554.52,253.8,0.0,1.0,178.838
743.0,2022-09-16,1,40.576,False,102.6,77.6,67.05,3.2857142857142856,133.22857142857143
749.0,2022-09-16,1,41.894,False,165.144,387.2,42.09,1.0,41.894
708.0,2022-09-22,2,89.2,False,51.058,181.0,50.8,1.1428571428571428,49.32857142857143
658.0,2022-09-22,3,145.2,False,128.718,65.4,68.9,4.571428571428571,221.25714285714284
660.0,2022-09-22,1,52.4,False,50.524,42.3,40.82,1.1428571428571428,62.54285714285714
579.0,2022-09-22,1,45.28,False,0.0,45.428,0.0,2.7142857142857144,123.09028571428573
651.0,2022-09-22,1,50.64,False,226.4,411.84,111.2,1.0,50.371428571428574
681.0,2022-09-24,1,374.8,True,41.132,47.86,143.6,1.1428571428571428,377.32085714285716
656.0,2022-09-24,0,0.0,True,0.0,95.72,46.73,2.7142857142857144,170.9708571428571
654.0,2022-09-24,2,119.352,True,51.058,46.08,41.066,2.0,118.26028571428571
719.0,2022-09-24,1,178.838,True,119.692,3205.6,415.92,1.0,178.838
653.0,2022-09-27,1,57.566,False,44.664,47.196,2135.8999999999996,2.0,112.59257142857143
655.0,2022-09-27,1,44.39,False,321.02,1907.4,40.82,1.0,44.02828571428572
658.0,2022-09-27,1,48.4,False,415.89,89.856,104.208,3.5714285714285716,172.85714285714286
710.0,2022-09-27,1,57.04,False,181.12,53.0,75.226,2.857142857142857,160.3942857142857
708.0,2022-09-29,3,126.9,False,445.782,53.0,261.82,1.7142857142857142,73.17142857142858
603.0,2022-09-29,0,0.0,False,171.624,47.86,123.6,0.0,0.0
743.0,2022-09-29,5,202.88,False,0.0,173.12,70.6,3.2857142857142856,133.32114285714286
598.0,2022-09-29,1,220.6,False,386.2,47.86,87.7,0.5,110.3
654.0,2022-09-29,4,238.704,False,172.132,42.3,81.64,2.4285714285714284,144.10857142857142
675.0,2022-09-29,1,122.6,False,51.058,43.28,82.732,1.2857142857142858,157.62857142857143
698.0,2022-09-29,1,1069.3,False,321.02,1271.6,185.812,1.0,948.3571428571429
676.0,2022-09-30,1,86.8,False,49.014,484.0,46.986,1.2857142857142858,111.6
654.0,2022-09-30,0,0.0,False,90.56,137.7,208.416,2.0,119.35228571428571
652.0,2022-09-30,3,425.862,False,43.008,134.784,93.46,1.5714285714285714,223.79885714285714
651.0,2022-09-30,1,50.64,False,99.984,41.16,41.066,1.0,50.57142857142857
653.0,2022-09-30,1,57.566,False,606.858,1340.4,371.624,2.142857142857143,119.96971428571429
634.0,2022-09-30,1,41.286,False,51.656,635.8,49.71,4.285714285714286,176.95828571428572
689.0,2022-09-30,1,337.628,False,66.88,557.778,126.654,1.0,337.628
690.0,2022-10-02,0,0.0,True,642.04,0.0,40.692,1.0,467.2
676.0,2022-10-02,1,86.8,True,49.984,44.124,217.4,1.2857142857142858,111.60000000000001
710.0,2022-10-02,2,110.8,True,414.294,65.4,42.414,2.857142857142857,160.3942857142857
729.0,2022-10-02,1,77.6,True,136.332,48.518,68.67,1.7142857142857142,133.02857142857144
743.0,2022-10-03,2,81.044,False,108.8,94.2,40.82,2.857142857142857,115.91599999999998
719.0,2022-10-03,1,178.838,False,160.51,71.684,275.6,1.0,177.03514285714283
714.0,2022-10-03,1,54.7,False,49.984,4462.799999999999,142.0,1.0,54.7
728.0,2022-10-05,0,0.0,False,41.022,1086.0,3120.0,0.5714285714285714,61.48571428571428
656.0,2022-10-05,1,69.8,False,127.87200000000001,74.518,0.0,1.4285714285714286,76.52257142857142
658.0,2022-10-05,2,95.168,False,99.968,54.774,40.742,1.8571428571428572,88.95314285714286
698.0,2022-10-05,2,1752.8,False,160.51,47.1,62.61,1.1428571428571428,1073.5571428571427
731.0,2022-10-09,1,105.5,True,415.89,53.0,71.0,0.5,52.75
686.0,2022-10-09,1,84.42,True,319.8,0.0,49.71,0.8333333333333334,70.35000000000001
653.0,2022-10-10,0,0.0,False,69.47,0.0,71.0,4.142857142857143,237.03057142857142
744.0,2022-10-10,1,59.36,False,1850.4,290.4,142.896,1.0,52.33599999999999
735.0,2022-10-10,1,87.8,False,102.6,43.74,371.624,0.7142857142857143,62.71428571428571
739.0,2022-10-10,1,43.6,False,371.574,42.62,56.436,2.7142857142857144,117.37142857142858
750.0,2022-10-10,1,41.336,False,0.0,69.47,46.76,1.0,41.336
678.0,2022-10-10,1,145.148,False,0.0,4808.4,63.9,1.0,145.148
654.0,2022-10-10,0,0.0,False,171.624,0.0,51.032,1.5714285714285714,93.23028571428571
724.0,2022-10-10,7,1213.324,False,160.51,95.6,68.67,3.5714285714285716,619.0428571428571
750.0,2022-10-11,1,41.336,False,51.716,105.24,45.576,1.0,41.336
708.0,2022-10-20,3,131.5,False,41.132,53.0,61.52,1.7142857142857142,74.55428571428571
743.0,2022-10-21,5,202.88,False,47.74,43.95,306.21,3.2857142857142856,133.27485714285714
640.0,2022-10-22,75,3523.05,True,387.2,0.0,0.0,41.0,1921.0911428571428
649.0,2022-10-22,1,47.0,True,128.718,82.268,137.8,5.571428571428571,262.0485714285714
657.0,2022-10-22,0,0.0,True,481.53,123.906,135.876,0.8571428571428571,45.049142857142854
695.0,2022-10-22,1,61.326,True,56.214,51.96,0.0,1.0,63.276
653.0,2022-10-22,4,230.264,True,51.058,73.0,58.816,3.2857142857142856,189.14542857142857
612.0,2022-10-22,1,41.088,True,57.352,1632.4,0.0,1.0,41.12114285714286
743.0,2022-10-27,2,81.152,False,861.672,0.0,122.46000000000001,2.857142857142857,115.93142857142857
654.0,2022-10-27,6,358.056,False,51.656,1980.076,136.728,1.4285714285714286,85.25199999999998
657.0,2022-10-27,2,105.956,False,153.174,0.0,42.666,1.0,52.797714285714285
694.0,2022-10-27,1,74.544,False,259.56,43.95,689.0,1.0,75.41914285714286
727.0,2022-10-28,2,198.8,False,124.242,484.0,131.55,1.5,149.10000000000002
695.0,2022-10-28,1,61.326,False,224.856,0.0,86.0,1.0,62.7885
743.0,2022-11-02,6,243.132,False,86.826,2680.8,88.2,3.5714285714285716,144.82942857142856
708.0,2022-11-03,1,42.3,False,90.888,49.8,199.716,1.7142857142857142,75.21142857142857
719.0,2022-11-03,2,357.676,False,153.86,85.248,82.464,1.1428571428571428,198.97771428571428
658.0,2022-11-03,8,380.672,False,0.0,183.6,50.8,5.285714285714286,254.31314285714285
654.0,2022-11-03,2,115.528,False,42.992,0.0,71.0,3.0,178.4854285714285
719.0,2022-11-07,1,178.838,False,386.82,66.54,0.0,1.1428571428571428,198.97771428571428
743.0,2022-11-10,6,243.456,False,302.554,45.9,204.576,4.857142857142857,196.89828571428572
739.0,2022-11-10,1,43.6,False,386.82,2680.8,0.0,1.2857142857142858,56.0
743.0,2022-11-14,6,243.456,False,102.6,96.8,95.4,6.285714285714286,254.9025714285714
719.0,2022-11-14,2,357.676,False,346.776,47.86,0.0,1.2857142857142858,226.32885714285712
724.0,2022-11-14,0,0.0,False,0.0,81.008,43.85,4.142857142857143,718.0897142857144
748.0,2022-11-15,0,0.0,False,45.84,363.0,47.0,0.6666666666666666,96.0
743.0,2022-11-15,5,202.88,False,0.0,315.72,0.0,6.142857142857143,249.15228571428568
724.0,2022-11-15,4,693.328,False,50.11,0.0,40.82,4.0,693.3280000000001
612.0,2022-11-16,1,41.088,False,128.718,95.056,105.506,1.0,41.12114285714286
745.0,2022-11-16,1,53.04,False,41.088,128.718,125.586,1.3333333333333333,70.69333333333333
660.0,2022-11-16,1,56.0,False,648.9,2680.8,65.88,1.0,54.285714285714285
543.0,2022-11-16,4,642.04,False,53.0,145.6,63.698,2.2857142857142856,364.242
548.0,2022-11-16,1,46.182,False,193.6,220.62,135.876,1.1428571428571428,53.068
541.0,2022-11-16,15,648.9,False,2680.8,171.504,82.132,9.285714285714286,400.34
536.0,2022-11-16,1,71.0,False,126.9,42.456,71.0,0.8571428571428571,60.685714285714276
696.0,2022-11-16,1,78.61,False,642.04,53.0,68.05,1.0,76.7795
739.0,2022-11-16,3,130.8,False,445.782,105.24,0.0,1.5714285714285714,68.51428571428572
566.0,2022-11-16,3,445.782,False,105.24,51.96,185.812,2.142857142857143,304.1988571428571
653.0,2022-11-16,4,230.264,False,71.0,126.9,69.75,2.857142857142857,162.78285714285715
650.0,2022-11-16,1,53.656,False,153.18200000000002,3205.6,65.812,1.4285714285714286,93.19085714285713
698.0,2022-11-16,2,1752.8,False,46.182,193.6,56.436,2.142857142857143,1988.2285714285715
719.0,2022-11-23,1,178.838,False,429.06,86.424,89.38,1.0,178.83799999999997
720.0,2022-11-23,1,148.294,False,204.232,264.0,2143.64,1.0,148.294
743.0,2022-11-28,2,81.152,False,544.8,1052.4,111.97,19.714285714285715,799.9268571428571
743.0,2022-11-29,5,202.88,False,147.052,642.04,63.9,19.571428571428573,794.1302857142856
733.0,2022-11-29,2,101.312,False,2584.176,192.996,247.8,1.8,91.1808
743.0,2022-11-30,6,243.456,False,238.7,871.1999999999999,482.3,19.714285714285715,799.9268571428572
656.0,2022-12-04,0,0.0,True,0.0,139.596,826.8,1.1428571428571428,81.04857142857144
707.0,2022-12-04,1,992.4,True,90.5,81.932,0.0,0.8571428571428571,849.9142857142858
690.0,2022-12-04,2,934.4,True,414.294,647.0,104.204,0.8571428571428571,400.45714285714286
653.0,2022-12-04,5,279.3,True,85.248,165.6,71.0,2.4285714285714284,118.31514285714287
658.0,2022-12-04,8,380.672,True,321.02,135.6,0.0,4.428571428571429,211.7782857142857
654.0,2022-12-08,2,119.356,False,105.6,41.068,82.732,2.4285714285714284,143.8377142857143
658.0,2022-12-08,3,145.2,False,445.782,51.656,168.35,6.142857142857143,295.0994285714286
657.0,2022-12-08,0,0.0,False,0.0,125.44,104.204,1.0,51.83457142857143
743.0,2022-12-08,3,121.728,False,1279.8,0.0,58.3,18.571428571428573,753.5079999999999
653.0,2022-12-08,11,633.248,False,0.0,290.4,42.944,5.428571428571429,288.82342857142856
628.0,2022-12-08,1,158.0,False,51.058,362.0,231.8,1.0,156.5
735.0,2022-12-11,1,87.8,True,51.066,101.8,43.85,0.7142857142857143,62.714285714285715
611.0,2022-12-13,1,48.15,False,80.704,441.24,204.53,0.8,38.522
675.0,2022-12-13,2,245.2,False,0.0,1355.2,0.0,1.2857142857142858,157.6285714285714
712.0,2022-12-13,1,40.296,False,564.4839999999999,69.47,186.142,4.0,161.074
660.0,2022-12-13,1,56.0,False,160.51,53.0,209.25,1.0,55.142857142857146
621.0,2022-12-13,1,140.682,False,85.812,86.424,0.0,1.0,136.7597142857143
622.0,2022-12-13,1,52.976,False,51.656,130.0,371.624,1.2857142857142858,68.112
653.0,2022-12-13,1,57.566,False,102.116,3179.0,1041.6,5.0,285.64028571428577
566.0,2022-12-13,4,564.4839999999999,False,69.47,225.792,247.8,2.7142857142857144,387.4174285714285
565.0,2022-12-13,0,0.0,False,1355.2,1301.6,128.354,1.7142857142857142,148.61828571428572
739.0,2022-12-13,1,43.6,False,48.15,80.704,95.264,1.2857142857142858,55.94285714285714
597.0,2022-12-14,3,363.216,False,173.04,635.8,40.906,2.4285714285714284,349.888
579.0,2022-12-14,13,595.92,False,71.0,84.6,419.6,4.428571428571429,202.4925714285714
566.0,2022-12-14,5,723.0419999999999,False,102.116,95.6,0.0,3.2857142857142856,470.9048571428571
564.0,2022-12-14,2,119.692,False,85.812,47.86,128.354,1.5714285714285714,94.04371428571429
561.0,2022-12-14,1,105.6,False,69.47,46.73,86.0,0.8571428571428571,92.34285714285714
719.0,2022-12-14,1,178.838,False,723.0419999999999,102.116,140.0,1.0,178.83799999999997
708.0,2022-12-14,2,84.6,False,119.692,85.812,121.9,1.1428571428571428,49.465714285714284
685.0,2022-12-14,1,136.8,False,105.6,69.47,42.316,1.0,136.8
654.0,2022-12-14,1,59.678,False,46.854,96.8,69.0,1.8571428571428572,109.73571428571428
653.0,2022-12-14,6,345.39599999999996,False,481.53,838.6,277.28,4.571428571428571,263.1625714285714
739.0,2022-12-15,1,43.6,False,4163.58,1123.5,40.906,1.1428571428571428,49.714285714285715
679.0,2022-12-15,1,113.368,False,82.828,47.1,60.462,1.0,102.39699999999999
739.0,2022-12-16,3,130.8,False,52.976,446.20000000000005,256.708,1.4285714285714286,62.17142857142858
675.0,2022-12-17,1,122.6,True,642.04,631.44,42.316,1.2857142857142858,157.6285714285714
652.0,2022-12-17,1,147.052,True,51.656,9616.8,48.526,1.1428571428571428,165.87457142857144
654.0,2022-12-17,2,119.356,True,221.86,45.9,106.808,2.4285714285714284,143.83828571428572
566.0,2022-12-17,4,554.52,True,11235.0,206.51,288.0,3.142857142857143,451.352
548.0,2022-12-17,1,46.854,True,219.8,232.94,151.8,1.0,46.75857142857143
657.0,2022-12-17,2,102.568,True,102.116,242.112,69.0,1.1428571428571428,59.16085714285715
579.0,2022-12-17,4,183.36,True,85.812,47.86,90.584,4.857142857142857,222.19485714285716
743.0,2022-12-17,12,486.912,True,46.854,219.8,165.904,5.142857142857143,208.6302857142857
622.0,2022-12-18,0,0.0,True,219.8,1602.8,71.0,1.0,52.976
710.0,2022-12-18,0,0.0,True,119.692,183.6,2083.2,1.2857142857142858,72.39999999999999
743.0,2022-12-18,2,81.152,True,137.52,107.1,44.216,4.714285714285714,191.24057142857143
728.0,2022-12-18,1,114.3,True,1426.6,96.8,106.808,1.2857142857142858,141.21428571428572
653.0,2022-12-18,2,115.132,True,51.656,93.064,204.53,3.857142857142857,222.04028571428574
649.0,2022-12-18,10,477.4,True,1123.5,81.008,138.2,4.285714285714286,204.6
654.0,2022-12-18,1,59.676,True,51.058,134.784,135.876,2.2857142857142856,135.31257142857143
698.0,2022-12-19,2,1752.8,False,211.2,1271.6,213.684,2.142857142857143,2015.7857142857142
654.0,2022-12-19,1,59.678,False,153.174,6411.2,128.354,1.8571428571428572,110.83
675.0,2022-12-19,2,245.2,False,963.06,84.6,45.576,1.2857142857142858,157.62857142857143
743.0,2022-12-19,3,121.72800000000001,False,445.782,49.436,60.21,4.285714285714286,173.85085714285714
597.0,2022-12-20,0,0.0,False,484.0,287.6,97.052,1.7142857142857142,243.45942857142856
708.0,2022-12-20,1,45.08,False,41.088,61.0,168.38,1.1428571428571428,49.93142857142857
659.0,2022-12-20,0,0.0,False,0.0,484.0,165.904,0.5,35.351
640.0,2022-12-20,25,1174.35,False,102.116,450.0,265.296,52.714285714285715,2449.504285714286
652.0,2022-12-20,1,147.052,False,594.376,224.64,112.872,1.2857142857142858,186.882
654.0,2022-12-20,3,179.03199999999998,False,102.6,53.0,181.0,2.0,119.35514285714284
566.0,2022-12-20,4,594.376,False,224.64,413.02,49.71,3.4285714285714284,496.6542857142857
535.0,2022-12-20,2,102.116,False,450.0,84.83,61.8,2.142857142857143,109.25771428571429
749.0,2022-12-20,1,42.098,False,1174.35,102.116,48.154,1.0,41.961999999999996
622.0,2022-12-20,2,105.952,False,257.436,126.9,104.208,1.1428571428571428,60.544
579.0,2022-12-20,1,45.84,False,1340.4,51.96,288.0,4.571428571428571,209.55428571428573
612.0,2022-12-20,1,41.088,False,61.0,0.0,4166.4,1.1428571428571428,46.97428571428571
596.0,2022-12-20,1,102.6,False,53.0,47.196,51.96,1.5714285714285714,161.22857142857146
743.0,2022-12-20,1,40.576,False,105.952,257.436,93.52,4.285714285714286,173.85857142857142
653.0,2022-12-20,6,345.396,False,45.84,1340.4,0.0,3.142857142857143,180.92171428571427
658.0,2022-12-21,6,290.4,False,46.854,290.4,112.872,5.428571428571429,261.8102857142857
652.0,2022-12-21,0,0.0,False,259.56,1159.048,106.808,1.1428571428571428,165.87457142857141
708.0,2022-12-21,3,135.24,False,179.538,209.8,45.672,1.2857142857142858,56.371428571428574
543.0,2022-12-21,2,321.02,False,91.8,71.684,131.55,3.7142857142857144,596.1800000000001
548.0,2022-12-21,1,46.854,False,290.4,48.8,120.42,1.0,46.75828571428571
710.0,2022-12-21,2,114.08,False,0.0,85.812,0.0,1.2857142857142858,72.86857142857143
564.0,2022-12-21,3,179.538,False,209.8,51.96,74.0,1.7142857142857142,102.59314285714285
649.0,2022-12-21,2,95.48,False,71.0,1907.4,48.526,4.571428571428571,218.24
634.0,2022-12-21,3,124.242,False,153.174,46.532,215.4,5.428571428571429,224.53142857142856
579.0,2022-12-21,0,0.0,False,85.812,40.504,66.472,3.142857142857143,144.06857142857143
653.0,2022-12-21,2,115.132,False,321.02,91.8,69.75,3.2857142857142856,189.14542857142857
739.0,2022-12-22,3,130.8,False,415.89,96.8,600.0,1.4285714285714286,62.17142857142857
743.0,2022-12-22,2,81.152,False,713.3,113.0,213.616,3.857142857142857,156.50742857142856
658.0,2022-12-23,14,677.5999999999999,False,0.0,150.0,74.0,8.142857142857142,394.11428571428576
660.0,2022-12-23,1,56.0,False,53.592,46.712,94.804,1.0,55.57142857142857
669.0,2022-12-23,1,73.2,False,183.36,363.0,317.044,1.0,71.54285714285714
708.0,2022-12-23,1,45.08,False,205.44,42.906,0.0,1.1428571428571428,50.72571428571428
653.0,2022-12-23,4,230.27,False,105.6,1271.6,71.228,2.5714285714285716,148.02800000000002
743.0,2022-12-23,6,243.456,False,140.682,51.058,185.812,4.285714285714286,173.89714285714285
743.0,2022-12-26,2,81.152,False,112.0,290.4,49.2,3.4285714285714284,139.1177142857143
656.0,2022-12-26,1,76.0,False,41.132,54.986,59.16,0.8571428571428571,61.99142857142857
648.0,2022-12-26,1,50.8,False,481.53,44.928,45.292,1.0,50.8
634.0,2022-12-26,2,82.828,False,612.696,123.48,41.066,5.285714285714286,218.61514285714287
653.0,2022-12-28,1,57.568,False,204.232,816.8,111.97,3.142857142857143,180.92485714285712
658.0,2022-12-28,0,0.0,False,71.0,224.64,63.9,6.428571428571429,311.14285714285717
652.0,2022-12-28,1,147.052,False,82.0,50.72,0.0,1.1428571428571428,165.87457142857144
728.0,2022-12-28,0,0.0,False,0.0,684.06,48.7,1.1428571428571428,125.84285714285714
566.0,2022-12-28,0,0.0,False,684.06,220.62,565.24,2.142857142857143,307.0282857142857
634.0,2022-12-28,0,0.0,False,85.812,42.3,71.0,4.857142857142857,200.9708571428571
669.0,2022-12-28,1,73.2,False,366.88,290.4,41.366,1.1428571428571428,82.82857142857142
622.0,2022-12-28,4,211.904,False,226.4,47.86,84.684,1.5714285714285714,83.248
739.0,2022-12-28,1,43.6,False,211.904,226.4,56.436,1.4285714285714286,62.285714285714285
