EngineTemperature,BrakePadThickness,Tirepressure,MaintenanceType,AnomalyIndication
81.02239020933140,7.984017797088870,35.96454588470830,Repair,0
98.07602855575740,10.718692152577300,32.14359304169030,Routine Maintenance,1
81.20596746900310,10.98307044045460,31.058627901266200,Routine Maintenance,1
86.0812936338722,7.045311036077650,28.539264000860600,Repair,0
93.49656806200390,9.948991124986010,33.59955954330820,Component Replacement,1
89.37134123697150,8.799711736881980,31.309004169461400,Component Replacement,0
96.49011117737650,6.349810454019870,32.3582516182811,Routine Maintenance,1
92.3144635031139,10.696723510986300,33.099713043640000,Routine Maintenance,0
80.73294547476080,10.903092063649100,31.841789274993500,Component Replacement,0
83.98229342785210,6.14772324785276,33.5366746724573,Routine Maintenance,1
80.99723970675340,9.011146386321060,37.14247543823670,Repair,0
82.23076357807170,7.096161677960090,37.82225106857510,Routine Maintenance,0
81.74513596162600,10.415251657443800,36.38435415948700,Routine Maintenance,1
98.01655781539090,7.409704242315810,36.53729703930280,Component Replacement,1
98.87036588465690,9.924175474323220,29.74579911571530,Repair,0
99.48415982551700,6.778730643488120,29.076745540184000,Component Replacement,1
84.05482499116310,9.52020737742702,29.515724883807700,Routine Maintenance,1
99.61511543924390,11.041378758283000,30.991089642477900,Repair,0
85.97046211210000,9.077044393897970,34.87778964585010,Component Replacement,1
98.03537725634650,7.815089442348420,35.733734039800100,Repair,0
98.71657267387410,8.550181200007610,34.78929543855560,Routine Maintenance,0
94.26276455241610,9.266300513049150,28.944914637218700,Component Replacement,1
91.8467761561661,8.447278023924270,35.14574526497120,Component Replacement,0
84.11712729123740,9.459858703387400,33.898761587542600,Component Replacement,1
95.26418722699910,6.044877787296040,31.204049457306100,Component Replacement,0
98.23004916244300,10.837254272020500,33.426081043687300,Repair,0
85.38394566078530,11.556708224891700,35.63994472100830,Repair,0
85.98749132022280,10.812678463004800,35.597565715233300,Component Replacement,0
94.89822862549710,7.705740436746900,37.633433017234700,Routine Maintenance,1
86.77316038931690,8.44005200808253,37.370196674307400,Routine Maintenance,1
91.68505801743550,10.96587752571560,35.679135789840400,Component Replacement,1
83.70822353096420,9.694945448105760,33.43562218460010,Repair,0
89.21532968054950,7.194641671740370,35.32627740298480,Component Replacement,0
88.94862092178710,6.233126087123800,34.12373117847900,Component Replacement,1
86.12977166878830,10.231157061129700,30.117839403174900,Repair,1
97.06974951225640,10.754329080987500,37.094938259137700,Component Replacement,0
84.72407808755120,6.801411146128020,32.77462847127700,Component Replacement,1
98.65203703816400,9.54670747392021,36.47442074786640,Routine Maintenance,1
82.79710033786200,10.868451946636800,37.77819279079320,Component Replacement,0
98.25971783732160,10.0571154251131,33.447441838540100,Routine Maintenance,1
88.91833056972980,6.759928026382780,35.254693201037700,Component Replacement,0
98.03893129778690,6.460438853284270,32.24631294417410,Component Replacement,1
85.19255567135460,8.20041061304226,32.400999957713500,Component Replacement,1
85.40656878969090,10.381656503688200,28.610137482732700,Component Replacement,1
91.8115004301163,8.39130966072987,34.346962737634800,Routine Maintenance,1
95.2108461629345,9.30921309945983,36.06707079912540,Routine Maintenance,0
93.2034696432519,8.182080544385570,30.39846480453070,Repair,0
83.31192226544990,10.435819090296400,36.00644199217440,Routine Maintenance,0
86.68424017915030,11.965704111842700,32.465282157914800,Component Replacement,0
97.71524518428100,7.090890008628500,35.27901204130420,Repair,1
92.68445672679420,10.13657237466310,29.78461782186450,Routine Maintenance,1
83.70047803581950,7.338055907480960,36.0574930052315,Routine Maintenance,0
95.42284249461400,9.690481889201010,33.62842540928980,Component Replacement,0
83.71718423075340,8.569810241580890,33.172545340525700,Component Replacement,1
96.21907965547200,10.165333743468200,34.152849504617300,Component Replacement,1
96.05814737140890,6.527890273283390,37.13092351394910,Repair,0
82.6988123905873,6.168976918126690,37.641898353481300,Repair,1
83.87257521174920,6.9930821870607100,35.47495769570260,Component Replacement,0
93.83795659768090,10.091977194139800,35.56235101131930,Repair,0
83.11567591281820,9.408899214839100,35.64054447577230,Routine Maintenance,0
82.63995961146820,6.987856014168500,36.60424562065540,Routine Maintenance,1
99.6493401446603,7.090758837212620,32.262295568247600,Component Replacement,1
99.52141883813390,11.533293678883700,36.53058181921300,Repair,0
87.91106439113520,8.168550812561570,36.434413439503200,Component Replacement,1
85.65384183426450,6.676509992329800,33.457039896117300,Component Replacement,0
88.2603260160071,7.963570622143010,35.805334686490400,Component Replacement,0
90.55047745684680,11.243815358741100,32.93135794719980,Component Replacement,1
80.86851574215770,9.013662824083990,36.865992970655000,Routine Maintenance,0
92.77363584009750,7.793850418759920,31.119600573365200,Routine Maintenance,0
84.25725011436190,6.945774463470670,32.79763210400600,Component Replacement,1
94.85176212885540,9.604582418135010,31.501176527059300,Component Replacement,0
96.22532810279180,10.523420090683900,29.672877910756800,Component Replacement,0
93.27578055894270,10.164013725304600,34.63894482002570,Component Replacement,0
96.78262195545520,10.637270867495800,29.08611245426620,Component Replacement,1
83.89695425214980,6.139486511667990,34.881387285657300,Routine Maintenance,1
91.15426001992500,6.5189903739956900,32.540955851180000,Repair,1
87.94888377594830,11.793297649761000,34.49681426174850,Component Replacement,0
95.97285696002580,6.659284069865300,30.529171071128100,Repair,0
93.59465965593240,9.179896107723930,33.8472913747372,Component Replacement,1
83.10565735211340,6.992339715624680,32.064298331707600,Component Replacement,0
94.04553659583170,8.637033289576510,32.400357764889100,Component Replacement,1
86.27926056838640,7.295776531481890,28.708241451109200,Component Replacement,0
89.00252304217980,7.724053190724500,37.34409733589600,Component Replacement,1
84.9705835242128,6.609803476092170,34.74870380620640,Component Replacement,0
80.17559560543020,10.000570790624100,32.50112909392980,Component Replacement,1
82.34942948129560,8.589844452437610,36.16503999555570,Routine Maintenance,0
99.17269058781120,7.050281057470640,30.47175341697690,Component Replacement,0
98.95697630620770,10.62326332953300,33.546343815597400,Repair,0
81.20477811157730,9.078299918411080,28.08111852772270,Repair,0
96.57597896668310,10.05334214572610,29.59174530841340,Routine Maintenance,0
87.14673454079290,6.875650091765550,30.51339237440150,Repair,0
80.93809722143420,9.81551843759021,28.164153500329900,Component Replacement,1
89.66308478292720,9.523269668349530,32.13094275937440,Repair,0
92.23844318618480,10.561734444347500,33.72363336132500,Routine Maintenance,1
86.56919048365390,8.674932004541550,37.617501034310200,Routine Maintenance,1
98.62904575418300,10.962793213386000,29.222849062037000,Routine Maintenance,1
93.15023649292180,8.692748804235100,31.586066902405800,Component Replacement,1
88.62287357297000,9.671937993780990,31.760751889817800,Repair,0
82.2304139806659,9.739995244427890,36.10572870013960,Component Replacement,0
97.75503295286610,6.007337601158370,32.60643790564370,Component Replacement,1
92.51186960538560,7.009492827056420,37.51943677095800,Routine Maintenance,1
82.55670130167610,6.286233810526340,33.90153973458410,Routine Maintenance,0
83.22936019311540,6.460599004523510,37.81476680219980,Routine Maintenance,0
83.2282195718407,7.9803273268414900,32.84152614648400,Component Replacement,1
97.6722366798214,11.702472164163100,28.933273194182700,Repair,1
97.41702445482360,9.137376918496000,30.92026145834720,Routine Maintenance,0
88.88536019419020,6.118574563848020,35.856270182097600,Repair,1
86.71202728348750,6.650723544147570,36.41878697705870,Repair,0
87.70344660360410,7.586793908447890,30.00081369708830,Component Replacement,1
82.43161031606060,9.493811959795740,37.66509442219290,Repair,0
90.16828473795570,10.88281412825880,36.94004129706530,Component Replacement,1
81.51461688044010,9.1828288715373,36.44794669108260,Repair,1
92.74376024301680,10.620989621331700,31.575030381302300,Component Replacement,1
91.75930796073870,8.76471798692549,28.009131527395300,Repair,1
92.3241038049366,11.807386423233800,37.35060550025310,Routine Maintenance,0
86.69059710679060,9.70017993153959,29.170197165790900,Component Replacement,0
97.37151695031600,9.360411955503030,29.050998116887800,Routine Maintenance,0
81.68665115796640,6.058231277861840,37.15752034657990,Routine Maintenance,1
80.44086247891880,6.3055107892612700,31.59330292255050,Component Replacement,0
82.40684531249430,11.701848437546100,35.54729890987120,Component Replacement,1
97.7249699183912,8.018119957141150,28.187301158723600,Repair,1
88.99101700786330,10.740286391970300,31.15971348737720,Component Replacement,0
83.35054381982950,6.261049483489180,37.518996294561600,Routine Maintenance,1
91.53422678380980,8.716002784186650,36.06602715384080,Repair,0
87.16327723271640,6.133787876966200,31.230325706999800,Repair,1
80.28025440886690,10.84477368989050,30.35789251096540,Repair,0
80.24632084657490,9.403704831592980,37.64919549125520,Component Replacement,0
84.91475015794040,10.12869114746250,30.355895682610600,Repair,1
81.6783276408351,9.011329036115990,36.08552386137720,Repair,1
80.31602679656490,7.439745935097510,33.58930466466860,Routine Maintenance,1
94.2941602676956,11.425886070793600,30.83997503571590,Routine Maintenance,0
92.48026752915170,10.372460953928400,32.54420800860170,Component Replacement,0
97.85663505671180,6.735755734215860,33.55679144522750,Routine Maintenance,1
96.08908644007630,8.997050856563670,33.78619455552060,Component Replacement,0
83.76860304827400,7.885536336501950,35.377492581500500,Routine Maintenance,0
95.50445260968340,8.671628973368330,37.67398342141760,Repair,0
85.00999256873360,8.450333723951090,31.108707727553500,Component Replacement,0
88.9237769076188,8.798406156363370,29.237779774831100,Routine Maintenance,0
99.90518354799280,11.586347900689000,31.291834621232900,Component Replacement,1
88.7242152389204,10.353696339267400,35.04543355276190,Component Replacement,1
90.08615183413600,11.262849540305200,31.390170660411000,Repair,0
84.53620762557400,11.646771823923300,29.214791536290900,Repair,1
90.22558171140150,8.437567018540430,37.43367475325760,Routine Maintenance,0
96.39458305145330,10.641742450697900,35.12585592675260,Repair,0
89.07647968623620,9.50690988384694,35.16152605060750,Component Replacement,0
92.88924937697430,7.023967004992120,35.77086738616370,Routine Maintenance,0
98.44264883775900,8.605962749873720,31.321674507436600,Component Replacement,1
80.619767447733,9.479265359009260,37.86598131217910,Repair,1
90.15745796068630,10.859743644443400,35.82791722072490,Repair,1
86.92360316913720,7.562416787961790,30.70856807196780,Component Replacement,1
93.52735350618630,9.160969930278430,32.99980058974650,Routine Maintenance,1
92.15060512139040,7.095513615523090,35.62381068043620,Component Replacement,1
99.370112181361,6.316766269788740,34.320685701366700,Component Replacement,0
82.92947507232510,6.417286018432160,36.2479271892441,Component Replacement,0
89.89090106467040,9.025045140292020,35.73165258560890,Repair,0
93.25432802860810,8.326710161801210,33.21810121368020,Repair,0
93.52698867224310,11.043022954646100,30.455181952851600,Component Replacement,1
83.29117444744560,11.670691341971000,31.421237673663000,Routine Maintenance,1
84.65890952587440,10.963224079148700,35.62829394960300,Component Replacement,0
92.0075369610362,8.330146942348680,34.23926550021780,Routine Maintenance,1
89.53284674037290,8.092914429056550,31.837605851464400,Repair,1
93.98833559731710,10.47884748799350,32.59778966095020,Repair,1
94.41425669192400,7.121851837539220,31.42107364114180,Repair,0
99.01281380265090,9.387796422230980,30.3375015123901,Repair,0
98.61864750806470,6.395192511590190,32.10204732698990,Component Replacement,0
86.03215004037620,7.450340191770630,31.566555863212300,Routine Maintenance,0
89.70557773503430,9.519297331725310,33.22233107361920,Repair,0
85.62154541862210,10.088658977388700,33.58996843078270,Repair,1
93.81388876520690,9.281566070449540,29.364721617685000,Repair,1
80.39733564321660,8.549703480264090,32.50870356350160,Routine Maintenance,0
87.0813586776215,11.096040180757800,36.688830881751600,Component Replacement,0
84.85024234678600,6.174240697124110,28.881728456213600,Component Replacement,1
97.53175735584370,10.642436644928900,33.592089246957900,Repair,1
95.67971217133270,9.541963305853360,32.64286729044670,Repair,1
94.75844694084060,8.446952924269080,37.96969161430520,Routine Maintenance,0
82.84652429333490,10.483943034937700,36.81492438448610,Repair,0
88.09603917552430,9.079537717529040,28.76200122129450,Component Replacement,1
93.62253707078220,8.293665551543660,29.24082577782250,Component Replacement,0
81.31375808632430,8.574498396996170,29.922424911284500,Component Replacement,0
87.54580183783880,6.634572528193370,30.639995428031100,Routine Maintenance,1
91.31723498316000,8.679169297401410,33.113417323631800,Component Replacement,1
81.96600898616040,10.668082083199300,31.351190638489000,Component Replacement,0
92.0478629655193,9.23675403036335,35.33476780817220,Routine Maintenance,0
93.70370550116290,6.1185471817977800,31.06802366833190,Repair,0
89.61118067183600,6.7942350500944100,35.765656301238700,Routine Maintenance,0
82.13324948003640,11.515764433249300,37.35027688053720,Repair,0
89.6036615562299,9.734926972828480,29.530194895853200,Repair,1
84.51752740659890,11.01032492495120,30.856729362886000,Routine Maintenance,1
99.3863201044693,10.835519477371300,33.14082941963050,Component Replacement,1
86.79622526988610,10.747112798296300,31.405433662915700,Component Replacement,0
85.33041777562540,11.413822633028100,35.28550643290750,Repair,0
96.23430637741340,7.264879095553220,34.32322595920190,Routine Maintenance,1
96.20249493168840,6.6778137306413300,37.269871346112000,Component Replacement,1
84.15553478351890,8.33102319631748,35.91620169651420,Component Replacement,0
85.11641135259570,11.732223405605600,32.60614468815600,Routine Maintenance,0
94.14978327278040,6.993430996353850,34.90321450969560,Routine Maintenance,1
94.58015885831440,10.155846579115000,35.96772940142390,Component Replacement,1
95.74401470740420,10.290702221138500,36.446783907184600,Repair,0
97.7993568587626,9.805481786204920,32.64595407752340,Component Replacement,0
88.17401134857480,8.390794977848890,32.15326501232110,Component Replacement,1
81.10371476746470,9.183079345950810,33.28222826822410,Component Replacement,1
86.74562683214430,10.22954909802170,28.42969107806290,Routine Maintenance,1
84.53533310235630,7.375831000853080,32.72828416971700,Component Replacement,1
93.45351629869940,8.512808505428170,37.53782155829790,Repair,1
94.27929629073120,11.652747994775200,35.38547529724470,Component Replacement,1
90.65255116144710,10.380930986308200,33.22178982549870,Component Replacement,1
99.87828371407530,9.783236305142560,31.265775239963400,Component Replacement,1
96.93469469386830,9.742665531094320,30.40964844619760,Component Replacement,1
96.75868504008380,11.254406920265900,36.160764399445600,Component Replacement,0
88.15857178908320,11.230727388388200,32.61066311911230,Repair,1
87.83773236724530,11.086306795085500,30.84682274311210,Component Replacement,0
84.23288573212610,9.400079380667030,32.3837799905172,Repair,1
99.62304981683690,10.91233893717710,31.779324399975200,Component Replacement,1
89.08083506087040,11.487444588288400,29.94560386292050,Repair,0
80.77289572640260,11.606677215841400,36.30407236201720,Component Replacement,1
90.10467232217920,11.449419215869700,37.03134447792880,Component Replacement,0
90.9221161137864,8.977329744909770,31.93876942993810,Component Replacement,1
83.34475773056600,11.361423162774200,33.85244190691410,Component Replacement,0
92.8273792226206,7.241732439292530,36.23340842123640,Routine Maintenance,0
92.28837739872070,9.45011020775344,29.917778827528900,Repair,1
80.34601826462250,7.506879627424600,31.70436922052380,Repair,1
82.68299294148530,6.8100600215479600,33.27021479013440,Repair,0
92.26668121071140,10.963250685733300,28.95704672329900,Component Replacement,0
85.64532329208720,11.880869216598400,37.27318618559710,Repair,1
83.7600022635818,7.354725712244940,31.235094606602100,Routine Maintenance,1
82.68010857681030,6.397592310604020,34.427732220347600,Routine Maintenance,1
84.0737225106823,7.143346109509950,32.768369480563100,Repair,1
90.56094016400290,9.25607302448508,36.10217574922620,Routine Maintenance,1
96.75737307195670,9.169004659082260,37.77252289488870,Routine Maintenance,1
95.41753292886860,6.440473960647360,29.407457404455000,Routine Maintenance,1
90.48246408338780,9.256448781747190,34.4221868292396,Repair,0
86.13058412474150,8.46326898382104,36.46170911367050,Repair,0
99.68347760281230,8.570032629746930,34.49255515798180,Repair,1
86.0418148992799,9.948998301397670,31.692568038069600,Repair,0
95.33402560739730,10.180025853943300,36.552215023508000,Repair,0
92.81729775721960,7.527338690571060,33.783233011536400,Component Replacement,1
84.93191776753400,7.651342085837430,37.96236843239760,Routine Maintenance,0
85.73871008015770,9.169542003270400,35.21752523694830,Routine Maintenance,1
97.3165715631055,10.891406060222300,30.982632807503100,Routine Maintenance,1
95.79149168381890,8.887868849490520,33.54996049698180,Routine Maintenance,0
86.28638381452520,6.039206530632030,30.497576264665200,Component Replacement,1
93.7582938592792,6.1605510463117800,32.31944052413920,Routine Maintenance,0
91.99860089524090,9.625446627738110,30.905698171243600,Repair,1
81.51136611906000,11.474574858928600,33.78802092143260,Repair,0
89.44060900426690,7.325458361843220,36.20090096246010,Component Replacement,0
80.55719260860600,11.786350550030800,29.98342522436410,Repair,1
92.22899553157980,8.231975147457260,37.96177060516900,Component Replacement,1
92.5453277814871,10.952463108100600,31.593638402624400,Component Replacement,0
94.27354541267420,9.944978435925270,29.39558029030730,Component Replacement,0
86.03746640979030,6.506503881763510,33.16595824710170,Routine Maintenance,1
89.51036383659060,9.822604100476110,37.12595341608280,Routine Maintenance,1
97.56890417954320,8.517109397180080,29.27567159890800,Routine Maintenance,1
84.78240153100560,9.017254505091550,35.33102218661810,Repair,0
87.10484083530350,9.87602557247003,30.389964813888200,Routine Maintenance,0
86.20203263154440,9.040144190032700,37.40169436312010,Component Replacement,0
99.64495445422210,10.962401118553100,28.90302268496820,Repair,0
90.81889476883170,6.721557191738560,32.570063543940000,Component Replacement,0
90.25940997733460,11.901627005595000,28.527001408965600,Component Replacement,0
98.14516128744010,11.691648618930900,32.999362616691000,Routine Maintenance,1
96.69428844981200,10.937596920489300,33.969821438053100,Component Replacement,0
99.88293680647060,8.287825310985830,30.58703769305290,Repair,0
80.38472493056080,10.44069262086560,31.08217978546610,Component Replacement,1
84.57969375346310,11.859201978083500,28.571593169800000,Component Replacement,0
87.29499620014230,6.708228359599640,35.79576830156800,Routine Maintenance,0
96.90673603369870,8.249108903766580,31.649724257869300,Repair,1
84.59526815815610,10.081070194149800,35.37715125747270,Repair,0
93.72983171824300,10.780134283106200,33.55605276392950,Repair,0
95.82855921614470,6.328361448913550,28.394828301403500,Repair,0
91.00120504452900,10.737956936065500,34.44867022761810,Routine Maintenance,0
91.18967761353190,10.43274784278910,28.800757392941300,Component Replacement,1
81.58353639936040,8.87809621897002,36.28992428169720,Repair,0
82.51397418684190,10.451300420867700,31.620915754700600,Repair,1
83.74952310456840,7.194806864133760,35.12802738522520,Component Replacement,1
88.26571415246860,11.767780447135400,28.14787151812840,Repair,1
81.30649589407440,6.839911136235140,36.94145129449890,Component Replacement,1
95.4149631746539,8.053107305441100,31.82507599261360,Repair,0
97.65983820336730,7.71185895741935,31.1115359983653,Component Replacement,0
82.26283640300280,7.659663224159650,31.430210559757000,Routine Maintenance,1
98.86078899347440,11.849695656947700,30.784412505878500,Component Replacement,1
93.22104193723230,9.246285373769410,37.59154307604380,Routine Maintenance,0
83.66901800351720,11.888234988128200,28.018739326877100,Repair,1
83.04839201553250,8.960818893195710,29.362600930950500,Routine Maintenance,1
95.6809235844176,9.626965968612970,31.780016293443600,Component Replacement,0
90.8618047243022,9.459691469084990,32.950560837343500,Component Replacement,1
83.82251454702560,11.994005733896700,29.009835689914800,Routine Maintenance,0
95.97639422673820,6.465054409494360,28.668653990238300,Routine Maintenance,1
96.96817829447550,6.603905619078130,36.263518555511500,Routine Maintenance,0
81.57989270562220,7.970729442874430,28.496443355343200,Component Replacement,1
98.7236536559455,8.610257897239470,32.295043929137400,Routine Maintenance,1
89.46346400385510,6.796791899733460,31.54146505095860,Routine Maintenance,1
84.54419705553810,8.37764457544525,28.10951413523660,Component Replacement,1
82.70226393749700,7.25082700010027,35.6409941088221,Repair,0
90.63504600008280,7.427921148065170,37.95223044538030,Routine Maintenance,1
81.64125351360330,11.141628482900800,28.953801712289600,Component Replacement,0
92.15127486207570,9.183136101840940,34.82518417363430,Routine Maintenance,1
81.68278482480450,10.020902214424400,31.592884917680300,Repair,1
93.18168381732720,10.184287315313500,34.99167228576930,Routine Maintenance,1
84.87454439477880,7.396332344594600,37.25578085842050,Routine Maintenance,0
94.01766845816560,10.321838093423800,33.046467882436000,Component Replacement,1
94.07480464065010,7.451144318956770,31.24076406150270,Routine Maintenance,1
92.21743270448700,8.18763107952574,33.86420157325220,Repair,1
94.67757865024940,6.94831645320356,37.883022903882400,Routine Maintenance,1
80.63833739218160,7.3358092149317000,31.57799384143110,Repair,1
88.72634568050040,9.945751297815430,31.8020508612858,Repair,0
91.73152706081480,10.145397417428300,35.382336741493100,Repair,0
94.81967368842650,9.921817892161030,35.75666916610090,Component Replacement,0
87.29773439683220,11.431245148787500,32.99066871274370,Routine Maintenance,0
99.90279924922980,6.831218938236490,32.04633031072000,Routine Maintenance,1
93.86643336336470,7.442979679276930,30.13763541358730,Repair,1
94.0499715910917,6.131270648991730,34.040495173061000,Routine Maintenance,0
99.52072842129880,8.007859155487920,36.55465859508210,Routine Maintenance,1
95.12150297378160,9.235838068156430,29.18117588596120,Repair,0
94.21892471213760,6.960542067868850,33.28321222564620,Routine Maintenance,1
95.92207264774030,6.7813627229297000,36.25403796550550,Routine Maintenance,0
99.83772171331310,6.956406681043870,35.330857482969100,Repair,1
97.90261412808300,8.043519974417310,30.550960038621800,Routine Maintenance,1
88.12544489368570,8.082282441934800,37.34064819336640,Routine Maintenance,0
93.1585438697394,6.318741432660950,33.9216087775938,Routine Maintenance,1
80.08490245305710,8.998909484991270,33.63116330134080,Routine Maintenance,0
82.65339159054880,9.45864571767173,36.164074829190200,Repair,0
83.21481137576140,7.951883653914100,32.7699825480504,Routine Maintenance,1
87.67264512894600,8.887827079001300,37.436376327485700,Repair,1
81.40573912610660,9.454387467240630,36.14801416611670,Routine Maintenance,0
95.39984478170970,11.268176228296000,37.99270984378610,Routine Maintenance,1
88.37308808296350,10.207132984264100,31.7279861077526,Repair,0
93.29552063671580,10.860648113926700,32.573043965196900,Routine Maintenance,1
83.42549743625920,8.887071946175440,33.49962824533020,Component Replacement,0
82.90054787194180,8.897988458271720,35.06668579624900,Repair,0
82.11872900402620,9.632618596937970,28.53203278724730,Repair,1
81.97595090242170,7.5575386115945900,37.552583705017500,Routine Maintenance,0
94.3794195002845,11.02255173645500,36.298798965173400,Component Replacement,1
81.2236261184903,8.524611154705330,33.802464647310400,Component Replacement,0
88.70816484714190,8.60545449071956,36.54054846168350,Routine Maintenance,1
89.54107973679210,8.437780799318420,35.8105824722389,Routine Maintenance,0
82.65313121618130,11.588185838457200,36.313310291045100,Component Replacement,0
87.26543568492250,6.499399029465290,31.237562533998800,Repair,0
87.19116502489640,7.316398751291330,34.12501188287790,Routine Maintenance,0
92.94682506340810,9.726914801361930,32.88703549772920,Routine Maintenance,0
98.81583008162810,7.569401101533570,37.89709618778150,Routine Maintenance,1
91.60552973437810,7.985006017948930,35.097842905410200,Routine Maintenance,1
94.29525369369080,10.90024057833360,37.06715527536560,Routine Maintenance,1
88.2545114880567,7.877146244137350,30.255350543835000,Routine Maintenance,0
97.60576491497570,8.034340348684690,29.12256458164940,Routine Maintenance,0
88.7859300089353,9.173699594060750,32.058718648374900,Component Replacement,0
83.98470508135980,8.83858377401835,29.295723191034400,Routine Maintenance,0
87.36742092685100,9.154496225396900,31.39928440290990,Component Replacement,0
91.06169371645010,10.491695348636200,32.080604948473,Routine Maintenance,1
99.46697521865320,9.925852208074720,30.21017970901330,Component Replacement,1
98.66526829188100,7.22363665159938,35.495629391405800,Component Replacement,1
89.92704385773870,7.953667033118250,29.05876632326260,Routine Maintenance,1
85.5674285929476,8.07413055367706,31.106788915508700,Repair,0
81.94047742233880,8.031522657614270,33.63019252690840,Routine Maintenance,0
86.52011197471910,7.051426925104090,36.74677557165780,Component Replacement,1
85.06116312391010,9.910129007742840,34.87465829447530,Routine Maintenance,0
84.0150439544064,11.048248772577900,33.43412112075530,Repair,0
88.57894116498400,6.2795144965337,29.169943155671900,Component Replacement,1
93.1163887126541,6.102300172542080,37.64256690696720,Repair,1
83.10305587877110,6.4343595933191700,37.96546332060420,Repair,0
90.87422407143270,10.597340700830000,32.6139192594405,Routine Maintenance,1
97.49580209674950,7.109561951981280,36.12902521545140,Routine Maintenance,0
81.51125499552850,11.522825712706700,35.88920609735920,Repair,0
84.63845726048750,7.947597042430730,33.503454704564700,Repair,0
94.93348925844600,10.089150003588900,37.49804309393460,Repair,1
98.35058594693850,7.110766173083730,31.95764875615650,Repair,1
91.39766951328860,7.75059989218385,31.5896567882827,Routine Maintenance,1
93.72870517831660,8.297205814204920,32.30164831328540,Routine Maintenance,1
83.6539305328349,7.51208179889262,36.77605002763330,Component Replacement,0
90.86669790422090,11.939754825107000,31.398587819155400,Repair,0
99.96694768744610,11.4923890674363,35.17217041449870,Routine Maintenance,1
99.45163182387670,7.403142262257400,36.02200221547700,Routine Maintenance,1
87.74539815878800,6.711038279999900,33.88790641449150,Routine Maintenance,0
99.7527258770112,6.1595562543253100,34.717682380853800,Component Replacement,0
87.35755894661890,9.626180020261310,33.85547778415550,Repair,0
97.70947890065180,10.504562281892600,30.440042145825700,Repair,1
95.48240250821640,6.516507058677240,34.605774659751300,Repair,1
81.37344617149710,10.392397036326600,33.98869761413110,Component Replacement,0
80.14211167305310,9.57826306104489,30.90882215433690,Repair,0
96.24872073896790,6.42678349122812,28.909849355063100,Component Replacement,1
81.9518403738822,6.033113107051730,34.610509750521000,Component Replacement,0
88.56378256295930,11.989054802237300,37.13191145878340,Routine Maintenance,0
83.66622797683780,11.871613418607300,28.03358457366180,Routine Maintenance,1
87.02282453287880,10.486738254315200,32.844138382184300,Routine Maintenance,1
91.49999307099080,11.73452551315150,32.05843386433150,Repair,1
92.63215352872590,8.84790191337696,29.721792289649600,Component Replacement,1
97.3833145200313,9.61112833136658,29.715534307753700,Repair,0
96.09339694331250,10.191053985225000,33.68538095398250,Routine Maintenance,0
81.02313716346070,10.709115356378300,29.303155864102200,Repair,0
83.87502594881280,11.020884184615700,31.96079448419240,Routine Maintenance,1
97.71621003565370,10.16018099083120,34.41673213373970,Repair,0
97.43850891424120,7.102484102552790,28.142842451335000,Repair,0
82.80032115407020,11.60265103764190,32.128609900763600,Routine Maintenance,0
89.31798006796050,6.504634186890130,32.40587694787990,Component Replacement,1
84.11732815399730,7.69745764918775,31.00357958789250,Repair,1
98.78976164715900,10.041699239066700,31.380040610997400,Component Replacement,0
86.62468448841730,11.322881568437600,34.37670318771180,Repair,1
89.82223092903750,9.233203897858770,30.47652841439680,Repair,0
81.47133990821390,8.109993781561220,35.02467571696800,Component Replacement,0
87.01099564480660,11.907179693035700,29.176486690356900,Routine Maintenance,0
91.22477890065660,6.297973853378460,34.561372317509000,Component Replacement,0
87.70013063842840,10.013958730881700,33.744077410085800,Repair,1
81.65918007076070,6.758151967857190,36.23661394440600,Repair,0
85.03128506268060,10.782823473822900,34.640119653912000,Component Replacement,1
95.57372114024180,9.075864121633850,28.36586185239710,Repair,0
98.14609648639640,9.99923612663654,28.595219476523100,Component Replacement,0
86.26227649258950,11.515005217630700,36.80714551557310,Routine Maintenance,0
91.17643312742370,7.233909071786670,28.839192590419000,Repair,1
88.44471100551640,8.609972736294380,36.73934929818190,Repair,0
83.1371187934877,9.5279596545464,31.696579171415600,Repair,0
80.79293404670560,7.451585479071800,36.050289101344800,Routine Maintenance,1
80.50581661789140,8.432986207407210,31.704389550394000,Repair,0
98.29214846701140,10.734369312996000,35.152964682301700,Repair,1
99.23052628611810,6.669485113029140,32.723973197783300,Component Replacement,0
97.75942701803730,9.640472712502120,34.550495935414200,Component Replacement,1
84.60803363666050,10.4016255103288,37.90418936251400,Component Replacement,0
94.4548046356378,9.38522140588243,37.430322195546600,Component Replacement,0
85.79384935305260,11.987413475378300,34.63316451237180,Repair,0
83.0706294947132,9.636721268816420,28.895616822664900,Routine Maintenance,0
91.60977370009310,6.9209583132615000,30.452558207389200,Routine Maintenance,0
88.10767879847730,8.063434323064120,28.745076766860400,Component Replacement,1
97.48185934571200,9.053069369158490,30.218206025959700,Routine Maintenance,1
88.84116474449260,9.009096083276500,31.19124163906320,Routine Maintenance,1
80.65638570538740,8.960601105393300,31.60835368993410,Routine Maintenance,1
85.66912314034500,10.783668510723800,37.184477097484100,Component Replacement,0
91.44320268853110,8.856643500539760,34.783660461045300,Routine Maintenance,1
85.89229115989830,6.737873590352880,35.99350865469270,Component Replacement,0
90.63872480053430,9.750916149650530,33.08383069171090,Repair,0
90.53079138789950,10.174560777171700,37.99203009506000,Component Replacement,0
83.60614836781870,8.979141169872990,28.51820375856840,Routine Maintenance,0
98.35977858293770,8.399694850823340,31.084076603481900,Routine Maintenance,1
91.454475082365,10.372077174421600,34.806678514256900,Component Replacement,0
85.73797444712250,7.933844942127560,34.29871220390930,Component Replacement,0
92.51972507648960,6.3774347989023,33.24097352320630,Routine Maintenance,0
80.59828592150100,6.100616246909620,34.17799898689890,Routine Maintenance,0
98.11331909355330,10.522437469837200,33.10143699727760,Component Replacement,1
98.02034087385260,9.019961398729370,28.45127844491370,Routine Maintenance,0
86.7173382784881,10.871215764575600,29.070130011926600,Routine Maintenance,0
87.64123800889100,6.838343149436270,33.60985271034580,Repair,1
97.40453133562200,6.609836806030080,34.2227127135736,Repair,1
95.24798076140900,6.944089334077300,32.32339910593070,Routine Maintenance,1
97.68450672826090,10.694089141772500,34.1751288430362,Repair,0
92.6087021167725,10.34200358874970,30.186297375750700,Routine Maintenance,0
95.64833220530910,6.985232644893460,36.38218815787940,Component Replacement,1
93.8661522660794,6.989268398949630,31.797522233763300,Component Replacement,0
98.76295417470320,7.5973906479565300,28.0792195638537,Routine Maintenance,0
97.03573762325910,6.6472938752057,34.46852382586640,Repair,0
90.94599574603590,8.4603901677736,31.568037794726100,Component Replacement,1
91.8853810643002,9.539278189662690,34.62402989087500,Routine Maintenance,1
82.0353569862153,11.627102802102000,31.101674039915900,Component Replacement,1
82.0661818278156,9.255825089584910,35.910806779288400,Component Replacement,1
89.89753508490350,7.521712150889620,31.355409024502500,Component Replacement,0
94.28335881383340,9.758608588433670,28.88983835690160,Component Replacement,1
84.12716496101700,6.874066810910360,31.305933434267200,Repair,1
83.3813027216962,9.77534429000891,32.622669585847700,Repair,0
83.37929617295820,11.830121910962900,31.785439164059400,Routine Maintenance,1
85.44663580332090,8.91860871691829,34.7379425836157,Component Replacement,1
80.13029049557790,11.689317328889400,28.636955746931000,Component Replacement,1
87.00569343261430,9.39161217135327,32.28564255197190,Repair,1
93.75822724378940,10.446595912948700,30.15736430939250,Repair,1
91.66485034484000,9.041378761672020,37.61321227655910,Repair,1
97.08339283055640,9.960892777958210,29.218533920817200,Repair,0
94.4827764735658,10.296404723145900,30.884858833495900,Routine Maintenance,1
80.93524965182710,9.093274700177950,37.621208593192800,Component Replacement,1
93.76959444352610,6.4460399893628900,37.67599269245900,Routine Maintenance,1
94.41742372034750,8.690951250967790,32.94484511141560,Component Replacement,0
81.24418018068410,11.81957049629440,29.988404887089700,Routine Maintenance,1
94.07684643076550,7.6800069142575300,32.36050840304200,Component Replacement,0
82.45896171627750,8.993709309014540,37.262727925735500,Routine Maintenance,1
81.93234591007330,9.789529854913520,32.251395436341200,Component Replacement,1
97.69288424955760,6.985048594903940,32.50701258372790,Routine Maintenance,1
94.01458145890050,9.83589836555736,34.924497004006600,Component Replacement,0
94.10191207695600,6.0822073887726000,30.187651543075400,Component Replacement,1
92.16437258007860,7.244157610193650,28.17413909335230,Routine Maintenance,1
88.66608679726010,6.685463058256680,31.68778473722540,Routine Maintenance,1
94.64677923374960,11.607313158680900,35.753244644142600,Component Replacement,1
80.20099253325460,6.2165634706303900,35.96065708785680,Component Replacement,0
96.0828228172118,7.914278012071920,35.967114944890000,Routine Maintenance,0
96.2365456411491,6.886970385792290,36.67639713552500,Repair,0
89.92310478269660,9.646683245749520,33.40926421354660,Routine Maintenance,0
94.05901050736030,7.352782509838430,32.77086678934950,Component Replacement,0
87.25390236927030,10.471458533538900,29.25551821552040,Repair,1
92.28581805929730,11.825373801239800,37.607716500541200,Repair,1
94.89355228034230,8.728646171501200,33.7238966479817,Component Replacement,0
86.25258281556880,8.282232146643610,32.41650338226710,Component Replacement,1
90.93937774077410,9.892047572410980,29.78289366346180,Repair,0
83.97590640667970,11.091611933382100,37.147724637910900,Repair,0
86.67114530267680,10.834145571452900,33.4698471101123,Component Replacement,1
90.98693041610660,8.531908434339830,33.51342238153800,Routine Maintenance,0
91.36598759240740,9.765586374579640,31.44165441906160,Repair,1
84.62682449232310,7.993011261368580,32.99050327617870,Component Replacement,1
80.92360932834660,11.225372108937700,37.66668419087940,Component Replacement,0
85.02366570067060,7.829722619256750,34.28567156313040,Routine Maintenance,1
86.86280421705790,8.995269600322120,28.507888917308100,Component Replacement,0
84.84801041275990,9.482287230813940,33.97824245934510,Component Replacement,0
91.37394537827330,11.59651373502000,35.56109132376160,Repair,0
96.06355556298070,8.501930425830950,37.397676076695200,Routine Maintenance,1
85.11891637057050,7.629792968443800,35.002624775119800,Repair,1
92.08723090383180,11.86688320657540,35.8468824038248,Repair,1
91.90779847414960,6.658624313489260,29.406292482290500,Repair,0
93.85106197056470,8.766495664450980,30.92784126398290,Routine Maintenance,1
84.4905935240796,10.94612293378200,31.588903062526400,Repair,1
86.02016113050020,6.775351902826130,28.09567124197290,Component Replacement,1
92.53700219261080,6.519444974539190,35.484508512016900,Routine Maintenance,1
80.26522110902530,6.4946725029290500,31.26863562552500,Repair,1
86.48187502616960,11.218365323096800,33.40599837946140,Routine Maintenance,1
85.52851266570620,6.509145312908580,33.904630749692300,Repair,1
91.43583443504450,7.827123502075800,34.23356103268380,Routine Maintenance,1
84.84030714345170,6.588774670062560,36.96855036580070,Routine Maintenance,1
92.13832295884830,6.811044545424790,30.970576987092400,Routine Maintenance,1
84.61100185507220,6.19144958159512,33.69041572173920,Routine Maintenance,0
80.02595449454530,8.298543079153040,35.7034518066841,Repair,1
85.93099062848890,6.094064287633970,30.41119463351380,Component Replacement,1
94.4604287797054,7.617384932392340,31.85256604180880,Routine Maintenance,0
95.24699618499650,9.575119530265550,29.869348159999900,Repair,0
81.73576703589800,10.12069625318900,32.27642069764840,Repair,1
84.7753269149105,6.568253377618210,28.47674606480340,Component Replacement,0
93.45246647640110,11.102200007720700,32.39048742797460,Component Replacement,0
90.16189624645750,8.081608771580010,32.858635023163000,Repair,0
93.37876421750910,10.207876168144100,36.841174383957700,Component Replacement,1
86.95973313537870,10.771156042839800,31.723049205828400,Component Replacement,1
97.27613179898570,9.742750270037930,36.43773727157650,Component Replacement,1
81.27567895272150,6.578236404745900,28.759846972518900,Repair,0
94.96546332360480,10.835276160446000,37.87529375685340,Routine Maintenance,0
91.43079549170900,9.946742693965320,33.299715424823900,Routine Maintenance,1
95.05693319756060,8.418114561835220,28.66726106332150,Routine Maintenance,0
99.96573381562510,7.176996864974760,31.79919787695690,Routine Maintenance,0
91.91544957352740,8.605329738564250,32.872757929473000,Repair,1
96.28484233764860,8.946569395393930,36.712444761680300,Routine Maintenance,1
84.00309825751230,11.921578025277800,37.55115133094330,Routine Maintenance,1
81.93155227269870,9.386144020390580,28.312150424173400,Component Replacement,1
96.80174373299540,8.821747284729810,34.07345809713610,Repair,1
90.46360614628110,9.68717094376533,35.40814992022800,Repair,1
93.61984072025540,8.104491614214820,37.57078000086570,Repair,0
83.39337526895420,9.07521361144725,33.9820262277177,Routine Maintenance,0
95.91951034729550,11.561302404993900,32.32814241359160,Component Replacement,1
81.51839922277230,9.768881964654700,30.36169655479750,Routine Maintenance,0
96.50878449249570,10.443985347957700,29.660781371953400,Routine Maintenance,0
95.82695537111960,8.700598870390330,33.48937587833510,Component Replacement,0
84.99887006159320,9.603669701500000,29.616094210031000,Repair,0
90.55990385601850,6.348003618174930,35.046910696569200,Repair,1
91.03287572765570,7.3956344774995500,34.94573517657060,Repair,0
95.94101377356350,6.605761653404210,36.95132234803880,Repair,1
93.80706895625590,10.145476316989000,29.335716809545400,Component Replacement,0
84.19167735590060,11.624364229287500,36.838843349147400,Repair,0
88.16695912272700,7.586609403250870,33.90398038166840,Component Replacement,1
94.29428188109880,11.606524321715800,33.98584629499190,Component Replacement,1
85.88551804179530,7.681420716346180,33.515479104705400,Routine Maintenance,0
97.16802980728490,6.027526191842740,28.19976596213280,Routine Maintenance,0
95.47675733638270,9.750604720661580,34.92098218621740,Repair,0
85.64290072029090,9.601594573977380,37.8163483326424,Routine Maintenance,1
90.22606064604980,11.828338003304100,28.862322443361800,Routine Maintenance,0
94.51829131055870,9.41869886754112,28.34602600996720,Component Replacement,1
81.9026494280482,10.678073757403400,32.15027049008030,Repair,0
98.20576251578470,11.459997182607900,29.61378289281400,Component Replacement,1
87.30903965684770,7.557395590102910,36.14809803536530,Component Replacement,1
98.03097625520420,6.827260087540600,35.63809761582890,Component Replacement,1
95.6669113604973,8.747269249323030,32.106300404803100,Repair,1
89.68803078256180,11.69162033492,29.322351008758400,Routine Maintenance,1
91.51909180177840,6.608266092605290,29.261681988854300,Component Replacement,1
92.16945463705100,6.941118061312710,31.29667153146840,Repair,0
92.97910134733950,11.481041582439500,31.116957041924700,Repair,1
99.91217933388610,7.362610290117920,37.867758159715300,Repair,1
80.66170622074180,11.318042018711100,29.87378887493080,Component Replacement,1
86.85992220802660,7.013063327439270,34.87286320749000,Component Replacement,0
87.57713004826830,9.039264273057270,33.566541745301900,Routine Maintenance,0
88.4808434690564,10.765037013533200,33.80081006537810,Repair,1
86.46119910653120,6.623916526109030,36.97186548166790,Routine Maintenance,1
81.39587057229890,11.34147572962340,28.67195555252520,Repair,1
82.66355103977450,7.243139203773750,29.088202504112600,Routine Maintenance,0
97.06065395470630,10.991715456981800,32.65046452044420,Routine Maintenance,0
90.55930355935620,8.577333374448940,34.68106643672110,Routine Maintenance,1
94.28481252376670,11.258084057757800,36.64779032672060,Repair,1
91.30959760599360,6.530917834999590,37.55646511070360,Routine Maintenance,1
83.34452896719720,11.675183699377800,28.629987343514100,Component Replacement,1
90.00947852255880,11.855528269466400,36.694772693999700,Routine Maintenance,0
81.76126523324730,11.751388898001300,29.781353497939100,Routine Maintenance,1
81.95808717678320,7.823970736986270,34.09212222928950,Routine Maintenance,0
84.13378693192050,6.153758839501030,31.231348545606000,Component Replacement,0
94.02784012056590,6.338181593932340,33.49282593352490,Component Replacement,1
97.88276412198970,10.600971497422000,32.802732111666400,Component Replacement,1
92.9349726286205,6.843928288841200,28.721466395179700,Routine Maintenance,1
86.41717981836090,10.960543297492900,33.86702281627580,Repair,0
89.9371503530983,7.29184720166598,31.719776012975700,Repair,1
84.71662114841820,10.765317043407400,30.22705480305420,Repair,1
91.83511846785630,6.365541648702150,31.499021061840000,Repair,1
90.2941428162576,11.717488561217100,36.01657450135970,Routine Maintenance,1
86.95518120176930,11.813321472014200,31.42148113008860,Routine Maintenance,0
90.19490954116670,9.233313967242700,33.564112944530600,Component Replacement,0
83.18303398342630,10.905231723567400,33.83704643745800,Component Replacement,0
90.49222193757230,8.495232722475850,34.52748387073730,Component Replacement,1
88.76045676971320,11.234881142195100,34.74252022542040,Repair,0
97.85196994973180,6.7453374940349900,34.67788431259500,Component Replacement,0
92.15852630951130,11.639714580455600,28.19533117750450,Repair,0
96.41085874122730,10.97892287332750,28.882930100999000,Routine Maintenance,1
93.72971696868380,11.062635058385600,28.70419138468020,Routine Maintenance,0
94.30948980804540,11.206247483009800,31.05989100763260,Component Replacement,1
98.25331051872160,11.848493090224300,29.23495196913880,Routine Maintenance,1
99.17543822233920,7.492772680413170,31.96078911054150,Routine Maintenance,1
95.57689726689970,11.91985306010500,37.88747541138190,Component Replacement,1
86.27051537673860,6.369498649318400,34.18026889685580,Repair,0
98.87959590166230,9.039444025866760,36.82398356751440,Component Replacement,0
82.39598459035510,11.366976137294600,35.32506537764230,Component Replacement,0
95.99624774461550,9.707245428982590,30.645152858660900,Routine Maintenance,0
84.58347809374040,11.390843384759500,34.71183216487220,Routine Maintenance,1
83.89372148301000,11.96831231754370,29.546721762105900,Routine Maintenance,0
86.3483054797824,11.788466554596500,31.999987855491500,Routine Maintenance,0
80.877951264789,8.92375120522609,33.78746448507970,Component Replacement,1
93.36687390189960,6.074232442668110,28.273413946092400,Repair,0
91.20083639834900,6.44561819358399,33.43931677416520,Repair,0
90.63334440547180,11.385178675503100,33.670796174309800,Routine Maintenance,0
96.23488466232440,10.79978557247230,32.21198357138470,Routine Maintenance,0
94.085825716974,8.289418530578260,28.269602889258500,Routine Maintenance,0
99.45894348022680,6.34767893204128,31.708506114657900,Routine Maintenance,0
91.39887029886000,9.989516335613570,30.869602460709700,Component Replacement,1
82.37814746358250,6.096852589681640,35.60842442913810,Component Replacement,0
87.61510892049020,8.2354124998128,32.10054266809870,Routine Maintenance,0
99.84856958005300,9.123242359942920,37.438176428175100,Component Replacement,0
98.09718381375560,9.074758984718250,29.519273631598800,Component Replacement,1
95.89345675888740,10.453995370307400,35.9504737634585,Component Replacement,0
89.77307213247780,8.746624289750270,37.93165562607330,Repair,1
91.54117746245240,8.634867519109520,32.15596776786380,Routine Maintenance,1
85.78986698203770,9.76938348433178,34.73360974632590,Component Replacement,0
98.1773034239613,6.950788305310700,31.551823539647800,Repair,1
93.37636751565210,10.237796153366600,30.126321462488500,Repair,1
93.44024136653780,8.395933180401670,29.498652029839500,Component Replacement,0
92.17854107335940,11.573396182195600,35.16137534114690,Repair,0
92.42194874097910,10.184192050445900,29.04231086682330,Component Replacement,0
98.47234972458570,8.624581700340560,33.466869684605800,Component Replacement,0
89.89807040115670,11.481108311385500,34.312399393184600,Component Replacement,1
95.94823880835930,11.020443174979600,37.47774614958580,Routine Maintenance,1
95.8799843225989,8.818491958616130,36.15274252167730,Component Replacement,1
88.07145261652570,8.694243882092990,29.176088239074400,Component Replacement,1
87.58798264481840,8.175029651383560,34.55440735214010,Component Replacement,1
91.55294972122250,10.25691061069810,35.74884835847010,Repair,1
87.1951435919199,9.960348230768530,33.022769362342900,Routine Maintenance,1
87.36461005509380,8.19793596087218,37.439780038042600,Routine Maintenance,0
91.88603867461870,7.768910091394100,34.00862965539080,Repair,1
97.10897512277980,9.859997304824980,37.665069575441700,Repair,0
86.91912914149830,7.290627193389600,32.23745765691880,Routine Maintenance,0
96.02736668984380,6.261120111183580,30.2918512854394,Repair,1
93.95604835376690,10.132316524935800,36.17520150131360,Repair,0
86.2859174530916,11.92970507096410,33.60773281101080,Component Replacement,1
87.102505455634,9.83897191460306,34.27774542898060,Routine Maintenance,0
90.23740417059780,8.35858600100922,30.951092361961100,Component Replacement,0
96.99469290404500,9.422247188623550,34.75375515898230,Repair,0
83.55249184611070,9.196041459093070,37.66705372219840,Component Replacement,1
90.46027469757110,10.02996773681310,36.05032567761630,Repair,1
98.0495611717844,7.6927795635535500,37.743134519467,Component Replacement,1
98.60952841636120,9.55421556016595,29.313379666699500,Routine Maintenance,0
82.48582170524150,6.056786245199900,35.53574464962410,Component Replacement,0
98.06912512728300,11.204445299450000,28.190471783958700,Repair,0
90.98014403133700,6.988010390031750,37.830970110583200,Component Replacement,0
89.77285132081960,9.516695853582080,35.245668803908600,Component Replacement,1
97.55466776894460,8.61763484968559,35.78188156887950,Component Replacement,0
92.07013434514220,7.456926206427490,34.04694070139720,Repair,1
94.8331690014784,6.437381166302160,36.688434440133900,Repair,1
94.56992940334680,8.54080698081188,28.012823654984700,Repair,0
83.20078712486980,6.011378897894720,31.777427775149600,Routine Maintenance,1
99.7709662709007,11.839729662154500,30.26919103934260,Repair,1
89.00706852309000,8.156400058759830,28.33733028061370,Component Replacement,1
92.51797535557630,11.66786549316570,36.92699629192260,Routine Maintenance,0
98.32978522194160,7.988371374139830,31.246383857389700,Component Replacement,1
90.76587850143110,10.327542787458500,34.387952345880500,Routine Maintenance,0
90.33255859140460,10.73500184616620,36.41779246188960,Component Replacement,0
96.99493693857880,7.249809155702560,32.69746409980790,Repair,1
94.34860246644800,11.433789649944700,29.450713212316800,Repair,1
94.20026902193160,6.4530389091024,37.199095736737100,Component Replacement,1
94.32449860115190,9.460317228006160,36.05002387104940,Routine Maintenance,0
87.36921404122610,8.108960574594780,28.30953038114300,Component Replacement,0
94.65900315424170,6.75831754414196,35.46628741082290,Routine Maintenance,1
96.0998123783974,8.373196250527020,30.245453782465300,Repair,0
81.47183511393740,8.029944508511510,34.9633236347933,Component Replacement,0
91.70870385408800,10.102272395429000,33.388941821991100,Repair,1
93.49800648271630,10.78738212169890,34.47341327373340,Component Replacement,1
90.91408975756940,6.688746522466910,37.31805125966970,Repair,1
98.4235336073686,6.435041883614490,31.615544892344300,Routine Maintenance,0
92.53372165335730,10.93626556900460,30.285727685019200,Component Replacement,0
82.96528028188270,10.384033139033500,30.012547688926900,Component Replacement,1
82.14305880932330,8.268405813440790,28.24080975289350,Repair,1
88.0562418739029,6.050743124956590,31.148133170657500,Routine Maintenance,1
94.72639946481240,9.191313708794300,33.138444706091800,Routine Maintenance,0
85.51024449141950,11.966529893868900,35.08462235685750,Component Replacement,1
89.69330170569430,11.11206259502900,28.249370775634600,Routine Maintenance,1
81.74656024331500,9.199769012375110,33.713455350920000,Routine Maintenance,0
88.34495389811730,7.151901839699610,37.92480827080590,Routine Maintenance,0
85.65190815776110,11.180979394572400,37.43477210739570,Routine Maintenance,1
84.10993450578790,9.787833763560020,32.1943508487413,Routine Maintenance,0
98.55025779019030,6.932917383539470,32.72552845756970,Component Replacement,1
83.38223018080970,10.976685676973400,32.654649987840300,Repair,0
82.09304251714420,11.793510085221600,31.22822383369290,Component Replacement,1
99.96033743645200,11.503863235827100,37.44577471032350,Routine Maintenance,0
88.05370143599770,7.360758751680720,30.161680297218600,Component Replacement,1
85.86597376885250,9.35555152446859,36.66041245812020,Component Replacement,0
93.42240826075450,11.037919017212500,30.746386529242400,Routine Maintenance,0
87.09070870057070,9.935993509020420,34.48391631306120,Repair,1
92.4704994835579,10.234239731536600,36.95837617742280,Repair,1
88.44245802370440,6.448295251166160,29.38649563307290,Repair,0
87.73822559876420,8.471749146665250,30.831792687566100,Routine Maintenance,0
88.69534155460180,8.509699441101920,31.765919357015800,Routine Maintenance,0
93.45374389256690,7.450763660150220,33.9694940371869,Component Replacement,1
91.6842770000024,11.180142867011700,31.21365078342410,Component Replacement,1
87.13792905429830,9.114908410821020,36.24164710909480,Repair,1
99.1935894739533,10.181753075521000,36.039411700389300,Routine Maintenance,0
96.17264101976980,10.360180745006100,37.41271833808540,Routine Maintenance,1
91.73757135066020,8.531118391280520,35.25177363661640,Routine Maintenance,1
93.46789114815430,9.648292212940660,31.113854445301400,Routine Maintenance,0
97.98127306992100,8.964658106628060,34.34944849257460,Routine Maintenance,0
94.19489129225760,8.349313657336500,33.96684686417810,Component Replacement,1
80.6459354195851,8.498842810799940,34.904643901271900,Component Replacement,0
95.72696502150390,11.109441343149800,36.76693496892730,Routine Maintenance,0
95.52431873426640,9.017056737719040,29.202358281009900,Routine Maintenance,1
98.27145163425690,6.8712843229155700,33.98850321673850,Routine Maintenance,1
90.38254249795840,6.762229962074170,35.039289342481200,Repair,1
97.68582094899400,7.001621960522330,29.702575138034000,Repair,1
98.98230247349530,7.164111382921890,34.94685732227580,Repair,1
92.1507892850249,9.612444444728130,30.26030329267310,Component Replacement,1
80.56376273361780,9.533949456281080,36.19504549589970,Routine Maintenance,1
84.76512645515020,9.313031114669900,36.827260726146000,Component Replacement,0
99.33719484947680,9.763971545504890,37.10333626440020,Routine Maintenance,0
93.688593381488,9.604211792723010,28.183651408823200,Routine Maintenance,0
91.8394894887095,7.358303705682380,28.528606676742800,Repair,1
83.64158991411760,8.233556699350290,37.72546585177240,Routine Maintenance,0
95.6301848438164,9.879601558656530,32.800050493255700,Repair,0
80.21479399666180,7.48120653748764,28.759412273485300,Routine Maintenance,1
80.78384397685610,10.688558474309400,28.345322758653100,Repair,0
88.47286355003480,11.519326850610300,30.018679954845300,Routine Maintenance,1
82.2012795988101,10.455170426478600,31.151958695949500,Component Replacement,0
85.90304722793790,10.168977495377600,34.26011966355990,Repair,1
91.49838072765460,11.120270948693800,29.92866305157310,Component Replacement,1
87.5938751165245,6.365617066846040,33.00688994011920,Component Replacement,1
85.5438825172823,10.950080169585300,37.13010863474990,Routine Maintenance,0
85.7035519657974,6.367262784373100,35.659816142762000,Routine Maintenance,0
97.5743224578312,10.087103159643600,35.316465396654300,Repair,1
91.48515933452980,6.416971909032960,36.31429992638500,Repair,0
94.98574267314090,8.20520418769637,35.87094446623930,Component Replacement,1
99.28864149937640,8.872503955919360,35.56120515997230,Repair,0
95.0718065818939,10.359668460189500,28.083482102901100,Repair,1
84.42837843524320,11.795157237272400,36.02760491463900,Component Replacement,1
97.70170947737230,8.046564291995090,30.51828515327620,Repair,0
85.33408543294680,10.914248505092000,31.790951142702000,Routine Maintenance,0
90.05278213892610,9.982857602048680,32.10969289891750,Repair,0
89.78841451146120,8.768625760922780,29.45500959032910,Component Replacement,1
99.3403727940387,8.271466381340270,34.69719790322730,Repair,1
94.53777843863890,11.189206014074800,28.364268501817700,Component Replacement,1
95.80973482536620,9.322069442089200,29.272486807688500,Repair,0
83.32391834603940,8.114844664971260,35.847442630977500,Repair,0
89.95191422421790,8.5155334551383,32.512492190877000,Repair,1
86.00924061982310,6.93435221681963,33.60087367597190,Routine Maintenance,1
88.51716645355390,6.860111640224670,33.538606692632500,Repair,1
82.62222095501940,8.566598665285180,30.00808462140080,Component Replacement,0
94.0593494845403,9.436025938846040,28.829233721522800,Repair,1
93.30672942914510,8.29250690072007,34.50465416271220,Routine Maintenance,0
97.18141038043070,7.784803393353530,33.69916494195530,Repair,1
87.30891367598800,6.1616391068221600,37.36464680140650,Component Replacement,1
91.4968660374136,11.302649147165000,37.15178829348610,Component Replacement,0
83.894282706082,6.2337740193352200,31.80189979157910,Component Replacement,1
97.33622816277680,8.941525189856760,35.06538565340470,Routine Maintenance,0
98.11671511131470,10.284488015378400,36.418709418904100,Routine Maintenance,1
83.33302901832710,11.972227592580100,33.56443101973810,Routine Maintenance,0
84.95815960913170,6.776496189441280,34.5646040831778,Routine Maintenance,1
94.21690006827270,10.030504064937300,28.227604972918400,Repair,0
96.38986577614840,9.945080956685400,29.603470038753600,Component Replacement,0
96.86516588397880,6.5034898656096000,29.699122225857500,Repair,0
88.41129570280990,6.328826129178680,33.865759245535300,Repair,0
81.9036715012946,9.935606609602370,28.214233326204500,Repair,0
86.54877176030220,10.178220697368700,36.269007993110000,Routine Maintenance,1
98.8785965383154,9.36432522159729,34.9522183190115,Repair,0
83.06970599887170,8.13124066258875,31.391790064850900,Repair,1
85.11834696036660,11.20754806635000,30.364981119457400,Component Replacement,0
83.9070017645772,11.725196121203300,31.009038086668100,Repair,1
93.08235548261080,10.944650569577300,30.24077394810750,Routine Maintenance,0
93.62547546007630,11.298944265162700,31.84061113310710,Routine Maintenance,0
92.48135255657260,8.643449301736900,33.20203234793810,Repair,0
85.08809299577540,10.570160439806900,31.884003432525500,Repair,1
81.02235443933150,8.579926566415930,28.290348520280900,Component Replacement,1
92.7721094827501,10.17069905017990,32.149196801306900,Routine Maintenance,1
90.55439800882800,10.415197437438700,33.254851877633800,Repair,1
83.95238175649170,9.98753592194883,29.335858884027600,Routine Maintenance,0
83.45850284961390,9.29339934736911,30.62862604636190,Component Replacement,0
98.47093820876080,11.992756896710100,28.095160065766200,Repair,0
95.07206877086040,6.879139756287160,32.844480680499000,Routine Maintenance,1
85.36405582310550,11.211528083193800,34.84745331005680,Routine Maintenance,0
87.32704708075920,11.684320637543400,34.445676760291300,Repair,1
97.98502150102120,6.576907330803050,36.12696109574620,Repair,1
89.96611469830930,9.730175501269530,33.7638239181236,Repair,0
92.7271955183925,10.179285976000800,37.35092882945430,Component Replacement,1
92.26196115762830,7.478385047492410,29.092152665099200,Routine Maintenance,0
95.49511564876320,10.33851372089170,36.70421277182310,Routine Maintenance,1
84.88265372958690,7.028548797509580,35.016570036322900,Repair,1
98.18188761651640,9.878885233306370,33.56045742058040,Routine Maintenance,0
99.29281064944730,8.120161271466720,29.881498081534600,Component Replacement,1
95.31043450580230,11.46211045385080,35.704119431714300,Routine Maintenance,1
89.82132948073210,8.900516366143280,32.307010861064200,Repair,0
87.44435268894680,9.787593448558600,36.37792368754980,Repair,1
80.43571175744810,9.454503452949760,32.904707150973,Routine Maintenance,0
98.5149417787697,6.097593412994090,33.29503492235860,Repair,0
80.89398095431720,11.778824917175600,29.31435613140950,Repair,0
92.15442977349950,7.035795138275770,36.47588383059790,Repair,1
86.89141908874530,6.560407457537820,31.34168031791460,Routine Maintenance,0
91.88708070313380,6.246915126290430,32.234628897569100,Repair,1
93.0009874810129,11.137829188125600,37.80246489125880,Routine Maintenance,0
80.25771695290020,10.049904768627700,31.208353218278700,Component Replacement,0
99.46939793707430,10.15624733636470,36.15355210181080,Component Replacement,0
89.47511399773910,9.411520330205610,37.80739776871800,Component Replacement,1
91.9726361095315,8.639079749518460,33.83931594547090,Component Replacement,0
83.22856790195460,8.488671560753550,32.73560294629930,Repair,0
86.68075674000450,7.408671041580890,34.2279148729077,Component Replacement,0
84.10529346129070,7.3504267125260700,30.547701262677900,Component Replacement,0
92.79140292374700,6.804697921936500,29.97557458352520,Component Replacement,0
85.72138775940350,6.395672802978510,36.373107569697700,Component Replacement,0
95.28862852565260,9.306644515842120,36.887334493675000,Routine Maintenance,0
93.75170601961980,7.121970467937840,28.546396874847900,Routine Maintenance,1
80.10641473102560,8.836161289848940,32.334933214217400,Component Replacement,0
94.29579483229010,8.29923375805496,34.56357143745710,Component Replacement,1
82.00476897938480,9.84058550815723,32.83982688543300,Repair,1
85.43153318440030,10.3395594265797,28.198240512033200,Component Replacement,0
89.4885528747132,7.355615000739580,31.131174118900800,Component Replacement,0
98.3712202956771,10.605114029153100,29.043182400606100,Component Replacement,0
91.74959343163470,7.369861848817840,34.67080360262230,Repair,1
93.93814339236940,6.987942134873050,29.850722294082900,Component Replacement,1
92.3083694223631,7.8231912177972500,35.05875186707630,Repair,1
84.16344230829290,11.57499566822330,37.41023390296580,Repair,0
97.86039979681880,8.7288186769963,29.08889144049410,Repair,0
81.18687963179390,6.658214035182160,28.779348231290300,Routine Maintenance,0
84.13966929739470,11.855488929794800,33.448910368307800,Repair,0
87.80719610865640,9.651510493980260,32.45334365249060,Repair,1
80.49628132151910,10.263098402884800,29.03210185162100,Component Replacement,0
80.47425934450510,9.180334053471580,28.306586711827900,Component Replacement,0
91.28984372219750,8.46936147728762,35.86396588460060,Routine Maintenance,1
94.79912667042140,7.199150047238270,35.93054103564530,Repair,1
90.10775968335560,11.683544303414700,32.23681479165510,Component Replacement,1
90.68648437573970,6.488131853909890,33.89913842754810,Repair,1
82.03987771470720,10.405242281088700,36.62200116954090,Component Replacement,1
92.29751288522200,9.498397519692740,28.16548515922200,Repair,0
80.19485652144510,6.805687420113920,30.384403430847900,Component Replacement,0
97.28681854639060,9.248229897002750,35.69389606469620,Routine Maintenance,0
89.99277642864890,9.667689480096010,29.802795447975700,Routine Maintenance,0
83.5046710809487,6.749675387061770,28.720260817837400,Repair,0
97.74658961974090,11.059392033682300,29.372477797073300,Routine Maintenance,0
90.41258477579210,10.312356379073700,34.81865790786360,Repair,1
99.4684357978239,9.166826346409850,33.87357294230320,Routine Maintenance,1
90.54406819369950,11.54705087733710,35.598901522649600,Repair,1
96.48765229029760,7.608781473810550,33.128929957421800,Repair,0
95.79368111764600,6.626709812968000,28.535611733920600,Repair,1
94.62429387632160,11.440799171309000,30.377056371194100,Repair,0
84.26992254344090,10.913316067189300,33.553336660421100,Repair,0
95.93536879528860,9.94070039661539,37.32130242314910,Repair,1
84.75827456023040,6.391930154856220,32.2129368204679,Repair,0
85.32214297750470,7.239420581193440,34.28349784180250,Repair,0
97.3604429370271,8.50956301889582,32.62544616372000,Repair,1
86.9263991969448,7.916876951549610,34.75348088781830,Repair,0
97.75297267307430,7.879577142768400,35.05852127105750,Routine Maintenance,1
94.81544569370390,6.546825385335980,29.9830932067824,Routine Maintenance,0
88.30186170294670,6.5911006448349800,37.36968217597090,Routine Maintenance,0
92.520168139972,6.942824344570900,30.40882906164570,Routine Maintenance,1
95.48926716786410,9.636896243091270,33.58644316613580,Component Replacement,0
86.44848069367570,10.658392739594000,30.945563838983100,Routine Maintenance,1
81.18607995638400,10.106451879028200,30.96513875920470,Repair,0
83.20578989666600,10.31000490910650,34.8866065965558,Repair,1
82.38311055122420,7.150762424738210,37.375587298713800,Repair,1
91.5887601133826,11.916735901701100,30.116164667170900,Routine Maintenance,1
97.69533528419260,7.624008636287420,35.27296117855970,Component Replacement,1
98.54599941597330,9.213905196346830,30.253990657476900,Repair,0
87.70115374441720,9.319565581240750,32.66378019791460,Component Replacement,1
89.00673710071730,9.761029805179250,31.83663584635990,Component Replacement,1
82.32684790046180,8.517714355253320,29.20261115443290,Repair,1
80.39787638594860,7.3367636926673200,37.54054191985970,Component Replacement,1
88.95883085938040,11.36937022472020,35.60933824267290,Component Replacement,0
99.34690286387220,9.519751006791820,32.250446965461500,Routine Maintenance,0
98.0062797570858,6.940884472861040,37.91554216722230,Repair,0
81.90037485770370,6.61096509069829,28.428705730209300,Repair,1
95.81779531299690,11.664028777599400,33.20762321106870,Component Replacement,0
82.66402865895460,10.066852807493000,37.551599693527,Routine Maintenance,0
93.04819276296620,11.610230798773700,32.31591793669870,Repair,0
96.36541468328650,10.046314784527700,33.66527957830970,Component Replacement,0
81.31375001137220,8.32022863175046,37.95566471484730,Routine Maintenance,1
85.53600513969790,6.7047152063713900,28.297144337276200,Routine Maintenance,0
86.92104075736600,6.986273621724440,33.876897050649500,Repair,1
82.04381435878200,6.553608749772950,29.184376584801500,Routine Maintenance,1
93.30334354415820,8.18780398750469,35.95218215430720,Routine Maintenance,1
83.47063823334230,9.452974348083990,33.590035740621400,Component Replacement,1
98.80072851151600,10.757364573762800,33.64827362582820,Repair,1
82.19158380410440,11.077448057627900,31.921941167827000,Routine Maintenance,0
82.04680217373850,7.785536150483790,36.03879248927990,Component Replacement,0
90.42693643402440,8.976356932752470,28.429767759043300,Repair,1
91.05986296379120,7.455874765783470,28.791400254743300,Component Replacement,1
98.77457608997860,10.56276861645750,34.632533198321700,Repair,1
86.2694157007402,9.836723660813330,35.97129660939380,Component Replacement,0
85.4397791926938,10.540852603125800,28.28303769234620,Repair,0
82.05039032597860,7.483974896723360,28.489440200853500,Repair,0
81.52218290217490,10.40376944591430,31.212047777696300,Component Replacement,1
94.03102127370750,8.635302512776840,29.001423148900000,Repair,0
96.53469798550190,8.868516889905040,33.6067840246921,Routine Maintenance,0
91.1228825170813,6.608616003452270,30.2058345078364,Routine Maintenance,1
81.45120518365330,6.052193290431010,29.624546736026600,Routine Maintenance,1
92.76870374042440,11.22451105005190,32.808051469183000,Routine Maintenance,0
81.13210988674910,9.61998783972113,33.94639018456550,Component Replacement,0
83.31221039701470,6.595369004440880,30.61285475303580,Repair,0
94.66808064008210,7.890171697581090,28.422020325941000,Routine Maintenance,1
83.92137247366500,10.864085858775200,34.20829900981760,Routine Maintenance,0
98.2183567824701,9.973132653841560,37.796496785240900,Routine Maintenance,0
95.12203431310850,10.116752068617900,33.28196089714110,Routine Maintenance,1
98.96246595240410,11.686082377959700,36.44887741068540,Repair,1
94.94363036476280,7.866649567585470,37.17920073769260,Repair,1
88.99431385728220,8.582760721900800,37.006180580609100,Repair,1
95.6737481752528,6.471548413741340,28.232407205113200,Routine Maintenance,1
99.45590837159050,11.771593426176500,35.850813036179500,Component Replacement,1
94.70392063646920,6.042938483111960,31.138588975218400,Component Replacement,1
82.46179810900020,8.563721817204310,29.148408875735400,Repair,0
92.7389349423269,9.690625805372370,32.4249902215386,Routine Maintenance,1
89.95299363280640,9.890058015680680,29.972769164326200,Repair,1
94.28023435709130,9.332872792499750,35.263562650545200,Component Replacement,1
80.3682953677346,11.120241369768300,31.226583773831900,Component Replacement,0
84.36655475058440,8.52116287697843,31.726322012462400,Routine Maintenance,1
87.78916261707580,6.001549006134520,29.161469709982900,Component Replacement,0
95.24524831439250,9.009854601887480,29.668684030107700,Repair,0
82.19018967188550,6.324771504129060,36.674314935742000,Repair,1
82.17732663327600,6.199148275248580,35.00881069470560,Repair,1
95.20186893519200,6.790079535058840,31.15058676383760,Component Replacement,0
89.15278404878500,9.588064530474240,32.53678135484130,Routine Maintenance,1
92.9015338700245,6.572875259434240,36.134218258974000,Routine Maintenance,0
84.12320748445470,11.325434514430500,34.70205028846720,Component Replacement,0
87.13209270082660,8.05354180930481,29.720325422818200,Component Replacement,1
83.21515163803120,9.459935097151040,35.87633709373550,Component Replacement,0
89.23843825851910,11.680967395131100,35.671949417274600,Routine Maintenance,1
92.96900898731900,9.91381017483308,29.56197737743800,Component Replacement,0
82.45784858635500,8.787032732459050,31.508789913810500,Repair,0
90.88183446545440,8.418214132082670,31.270901308032700,Component Replacement,1
95.65227462547910,8.695140582579150,29.265519223065000,Routine Maintenance,0
99.32382461827560,6.874740250450540,29.332205653809800,Repair,1
85.82386885108,8.852082306707630,37.67376825825970,Component Replacement,1
98.96604952436920,7.94124874363578,35.155708411755500,Repair,1
80.89396118919990,7.091483455350800,30.742221837294100,Routine Maintenance,0
86.51085442779970,9.812454702337370,35.22065896215010,Repair,1
94.76246657799500,6.615541626024570,37.1455682647716,Routine Maintenance,1
95.9810508467635,11.98813047563020,36.8286410612382,Routine Maintenance,0
95.36306733367280,9.754212761640460,30.67788249797560,Routine Maintenance,1
93.47862732010130,6.756184362810830,36.45426383623690,Component Replacement,1
83.36229184649240,10.09075798436550,36.490976275630900,Routine Maintenance,0
92.25647233577560,8.362073289978890,32.20165388317920,Component Replacement,0
86.41284894869370,10.401935256050600,29.807331675070000,Routine Maintenance,1
95.65102927323190,11.937238501491900,31.594687898800500,Repair,1
86.72775804726900,10.239747555841500,28.98611787848540,Component Replacement,1
99.9590484855646,10.437269037323900,34.968433048062500,Component Replacement,0
90.27304737235440,11.7164029495104,30.110449988682000,Repair,1
85.05737540539530,11.07082353158630,30.642548292580600,Repair,0
92.39215786152940,10.720674126854800,36.605928767839200,Component Replacement,1
94.17470206147550,7.20860714268907,34.02885189862370,Repair,1
80.523339644749,11.667122436572300,32.04023921042370,Repair,0
96.69626952197900,6.537044913878920,28.325797150253500,Component Replacement,0
81.40850525575210,6.807409132854170,32.50549338439900,Routine Maintenance,0
92.47882950016460,7.987181592532970,28.12577620367310,Repair,0
85.48136566208430,7.303743660258780,28.417670531712800,Routine Maintenance,1
82.18171989673670,11.604477858134200,33.148271843250400,Routine Maintenance,0
81.19783652465850,11.571044927618200,34.88488863312240,Component Replacement,0
98.69753040776000,8.127583690800100,37.313396967138400,Component Replacement,0
99.72644779013680,11.579458554054800,30.2358360353387,Repair,1
86.73879050521610,10.420171948040300,37.076323244808900,Repair,1
88.52327517696990,7.851041774338170,36.59123919178440,Repair,0
98.47787771948150,10.852612818123700,35.624950339012200,Routine Maintenance,1
99.19985751434690,7.19794731088762,33.982164483446600,Routine Maintenance,0
93.86316443565510,6.652527282771540,31.91899246206890,Routine Maintenance,0
97.93883412423620,8.898462014094860,36.32183119373830,Routine Maintenance,1
81.43031944020620,7.183090103185940,35.12229335916900,Routine Maintenance,0
84.84948400194660,8.707880702112110,34.30437611979270,Component Replacement,1
84.26812331543240,11.627381124188600,28.92520181890630,Component Replacement,1
91.9756134839387,8.201965062602630,30.420173386992500,Repair,1
82.325951914551,6.296266141395060,32.29367073067230,Routine Maintenance,0
86.70149921761310,9.89541617825995,32.328786742972500,Component Replacement,0
88.47323211235370,11.045767825456100,29.47160655257110,Routine Maintenance,0
82.36106265482120,7.05348552887621,34.356215349808500,Repair,1
93.84677554572320,8.298966017041680,29.99386582543670,Component Replacement,0
88.46412900611410,9.858078100410620,33.496956951112900,Repair,0
93.94843106800960,11.592675652754,36.80501629900440,Routine Maintenance,1
98.68305576602900,10.838078966292300,32.46666492982200,Component Replacement,0
97.50704708532310,7.421893865020580,32.342492345736600,Repair,0
99.22693722596870,6.7429115633832600,32.53309874708530,Routine Maintenance,1
94.16915746783820,8.03384347242766,33.18199005397270,Component Replacement,0
90.79450817088740,6.956049301314630,34.82516988947030,Routine Maintenance,1
89.44088223418020,9.331899436558000,36.35125642607460,Repair,0
97.18569709364280,11.07609078629310,37.617540267013400,Repair,0
91.44352587458090,6.338011896106770,32.537046994544600,Routine Maintenance,1
93.95396730857030,7.280956671274140,34.7663822655325,Component Replacement,0
97.032036860933,9.11244143349123,37.622294400239700,Component Replacement,0
94.2200540941363,8.947408859427700,31.810350366991700,Component Replacement,1
94.61487496471780,7.99520286823033,36.234650263514100,Repair,0
99.9809403153368,11.107508431104200,36.47653915796570,Repair,1
91.33993964825010,10.252554619340000,29.213501579225000,Routine Maintenance,1
93.11780722902380,9.100415239389580,29.513075227934300,Routine Maintenance,1
97.05841200442710,6.0122495723746900,36.13249668341690,Component Replacement,0
95.85855626741360,6.987656853728150,30.350627118722300,Repair,0
99.27220791290500,8.00676896352666,32.70716172191160,Routine Maintenance,1
84.12519080158530,6.558684027001330,36.17805717121550,Repair,0
97.11942410669390,10.715893861085700,36.3881627148136,Routine Maintenance,1
99.5443678694546,10.507704708580700,37.55821238054810,Repair,0
83.87594648263710,10.185004000528900,31.20930443420540,Component Replacement,1
89.64576194316760,10.57135105983540,29.14426837193950,Component Replacement,0
82.55291019045640,8.133344884281310,37.32251170853530,Routine Maintenance,0
87.39729127769110,6.343581392568340,33.763339368980200,Component Replacement,1
82.32764918251580,8.6047412020576,37.57053421294760,Repair,1
96.45942355150680,6.1460644364924400,31.15580599287210,Component Replacement,1
80.4006806810827,11.125984431652900,29.294936086746000,Component Replacement,1
83.36187027994580,9.022028396637950,37.839844897375000,Routine Maintenance,1
92.45965786490710,10.387750974458900,28.024244926417100,Repair,1
93.72605016567730,11.049220398961600,29.02271280557060,Repair,1
92.80896922743120,7.334568803601480,30.46593668856750,Routine Maintenance,1
84.26605116557350,7.52287532832475,29.439005760166600,Component Replacement,1
89.85382267453480,9.32320669608572,28.405233425874900,Component Replacement,1
95.07887880577270,9.737078178797280,28.339876482201200,Routine Maintenance,1
91.52133139637470,7.967903996518900,32.99357479866870,Routine Maintenance,1
80.06576667116060,10.60074695198590,35.6650283479469,Repair,1
87.08152918667560,11.0444395051185,37.07779834501770,Routine Maintenance,1
88.33328612956920,7.496890261098180,31.09851855497160,Component Replacement,1
96.93107738300070,11.230385373520200,31.69069289506040,Component Replacement,1
82.12603934495520,11.04987040988140,34.78752027783230,Component Replacement,0
99.33464639105650,9.269846209847810,35.316932891585200,Routine Maintenance,0
82.8096617497667,6.213921462954170,28.45274965053410,Component Replacement,1
97.58971264242300,7.8521431107456700,37.0494030709422,Component Replacement,0
98.7043366377686,6.165356137866060,34.835471651200200,Repair,0
82.17174441866560,6.468177964724200,35.68296537034510,Routine Maintenance,1
99.76753789633000,9.418665902877140,32.919785902031300,Repair,0
87.90871796166730,11.219067984812600,36.28511769541730,Component Replacement,1
90.99192109743650,8.294500881571460,36.837578270153100,Component Replacement,0
92.79799923694090,11.166608730293200,31.548127696591500,Component Replacement,1
88.27879884411620,6.84049038562529,30.07533528589260,Repair,1
96.79001641847250,10.830650061859200,29.695502610158200,Component Replacement,0
93.39009474543380,6.134248008844450,31.313094577664600,Component Replacement,1
82.89017397857500,7.631258805910660,34.21892601104760,Repair,1
89.36964385109250,7.655689091991430,36.35435316671740,Routine Maintenance,0
83.62191740586130,9.989788435607260,29.162199346952600,Repair,1
83.64910559953760,7.477538879936240,34.96847039740210,Routine Maintenance,0
85.35022959155090,7.794148272895540,32.51135006204480,Component Replacement,0
88.98888079866940,10.64409091108970,37.099960381473600,Repair,0
94.59731910597700,7.661002476232930,34.92655562542950,Routine Maintenance,1
80.95085203692840,9.767677623655550,29.765581053237200,Routine Maintenance,1
82.11634719149510,11.446807855602500,32.296257342031500,Component Replacement,0
92.79934706948410,6.076231027571170,32.877024558397200,Component Replacement,1
98.01046551020810,9.011533237617680,28.31127354341710,Repair,0
97.2172402588029,10.411068946847100,31.443869708334900,Routine Maintenance,1
88.32137722294870,8.326680610626120,28.474419042046000,Repair,0
96.08926025101630,6.034880699155880,30.565960621836900,Component Replacement,0
84.14727788954360,6.614529853257390,37.275729183475300,Repair,1
97.09258065006180,10.657709535831900,28.59651420377750,Routine Maintenance,0
98.9175732211164,8.225464868610680,36.89084636049620,Routine Maintenance,0
88.85804635818190,9.526602617550590,31.360102720484400,Component Replacement,0
89.01665782350280,6.355537522663040,28.16384754299730,Repair,0
90.65013984031030,10.678033767081500,29.137611083404000,Component Replacement,0
87.37455224981750,10.13971426199500,30.592783854019600,Repair,1
93.57277567056730,11.795163625261000,32.691443598541400,Repair,1
80.25199092103510,8.207058708205620,35.71480770477950,Repair,0
98.42492422584960,11.065847470431700,28.645135814922900,Routine Maintenance,0
89.9498442765704,8.165992469016890,32.134844792787500,Repair,1
92.33837566788530,6.176927354890280,37.31421550382640,Routine Maintenance,1
83.11209871765700,7.24366897167933,35.6231179859456,Component Replacement,0
89.72070655144090,8.997547721770020,29.930798946605300,Repair,1
89.30237229299170,10.393344402208800,32.30563679394490,Routine Maintenance,0
97.3089135863777,9.256643202958050,29.807386555529000,Routine Maintenance,0
80.45443279700760,6.0086294906562600,34.9979755119401,Repair,0
87.64964016610780,10.15680257657370,31.297421547673000,Repair,0
89.51905978849280,6.225332167001380,32.77426130252120,Component Replacement,0
99.46878619431040,6.949381567878000,33.37204940925840,Routine Maintenance,1
99.56525710270990,11.855935713988500,36.00518394953790,Component Replacement,0
89.86793218535830,6.456047445180760,33.0928962311284,Routine Maintenance,1
89.96922847798970,9.135252225059830,34.15954436874960,Routine Maintenance,0
86.58862541333170,9.807869709723460,29.36384232335900,Repair,0
94.80959955703400,7.975537512330010,37.24772993830230,Routine Maintenance,0
93.64549772094260,10.635312632858400,34.21881079223830,Routine Maintenance,0
91.41469634995270,10.860862523973200,34.216854034659700,Component Replacement,0
85.62600081154600,11.433223237360300,37.26962736754080,Repair,1
82.08676672009870,7.439663055300610,34.95982084198720,Routine Maintenance,1
90.9414615805396,11.78626444980690,33.63382032142240,Routine Maintenance,0
89.64625755563570,9.035702316938240,31.89717422937140,Component Replacement,0
82.42969885778160,9.238914132641930,33.4543421485909,Repair,1
87.52919558014730,8.313929248679230,35.86202844798730,Repair,1
97.12469807511810,10.570478480026200,30.06746364971520,Repair,1
90.08060402359140,11.921895657454100,37.75733510710260,Repair,0
82.61562608909810,9.53286267232441,33.84411414625820,Repair,0
85.26832040961010,9.518446829210270,30.647742551380900,Routine Maintenance,0
91.59936336602140,7.083847891826510,34.775720199067000,Component Replacement,0
92.57583380256110,6.865417369423680,36.71853851065850,Component Replacement,1
93.41106591472350,8.423555094990510,36.662907545429600,Routine Maintenance,1
82.00266959657880,8.296444872693700,35.11598925266300,Repair,0
97.22236034771910,9.583317338505190,34.707883498637300,Routine Maintenance,1
87.36849512545210,9.369338169710130,32.321779367297100,Repair,1
99.45928369661700,6.328593269454880,34.44385405208470,Repair,0
94.24605677137890,8.303068963538170,30.639931418054200,Repair,1
88.6117189514806,8.540318455612700,31.138173775621400,Component Replacement,1
99.29733864049800,9.152117495639640,30.188500441680100,Repair,0
93.49417692440660,7.620076380038430,30.53207247994370,Component Replacement,0
82.24554236498990,6.952865994867490,35.72845648907180,Routine Maintenance,0
84.07748427084220,9.720499349932110,28.436877754633200,Component Replacement,1
87.72620462777040,11.299884761049800,36.7382234519123,Routine Maintenance,1
81.42777649231000,7.757073631518970,30.80283870503450,Repair,1
80.73018648513160,11.817527496690800,31.200319186135300,Component Replacement,1
81.25872626793280,11.14008759718160,35.25253472228440,Repair,0
97.10872934066310,10.081916961981100,30.68427875943680,Repair,0
93.38568788811530,11.260789985596100,29.22318792967620,Routine Maintenance,0
99.04911852813060,7.996983413152570,34.37852785183720,Repair,0
88.53426494494680,7.382075979256600,33.881731494696000,Repair,0
82.68383785963510,9.069165722165070,37.76472501451510,Routine Maintenance,0
89.85071270639900,8.893044796960220,36.73890258281190,Routine Maintenance,0